0,1,2,3,4,5,6,7,8,9,10,11,12,13,14,15,16,17,18,19,20,21,22,23,24,25,26,27,28,29,30,31,32,33,34,35
308.5002136,-1.227721,0.032,0.032,4.0,0.587,0.0,0.066,0.066,0.0,0.0,0.0,4.0,22.301,22.265,0.057,0.168,1.9,4.0,20.814,20.809,0.02,0.049,1.2,4.0,20.187,20.202,0.019,0.053,2.0,4.0,19.878,19.809,0.047,0.139,2.4
308.5000916,-1.2402642,0.015,0.015,4.0,0.596,4.0,21.804,21.821,0.088,0.063,0.1,4.0,20.455,20.447,0.014,0.028,1.0,4.0,19.752,19.747,0.01,0.024,1.3,4.0,19.468,19.465,0.012,0.027,1.1,4.0,19.317,19.305,0.031,0.048,0.5
308.5000916,-1.2171559,0.009,0.024,4.0,0.579,4.0,19.439,19.443,0.017,0.047,1.5,4.0,18.001,18.0,0.007,0.017,1.8,4.0,17.327,17.324,0.004,0.012,1.4,4.0,17.049,17.05,0.006,0.02,2.2,4.0,16.89,16.89,0.01,0.007,0.1
308.5018921,-1.1764922,0.005,0.024,4.0,0.559,4.0,20.561,20.553,0.033,0.08,1.4,4.0,18.479,18.461,0.009,0.017,0.7,4.0,17.556,17.556,0.008,0.006,0.1,4.0,17.197,17.205,0.011,0.024,0.3,4.0,16.966,16.963,0.012,0.009,0.2
308.5046082,-1.174189,0.028,0.038,4.0,0.556,0.0,0.068,0.068,0.0,0.0,0.0,4.0,23.106,23.01,0.112,0.204,0.9,4.0,21.326,21.325,0.031,0.101,2.3,4.0,20.326,20.337,0.02,0.066,2.4,4.0,19.719,19.712,0.043,0.147,3.0
308.5013123,-1.1193042,0.007,0.023,4.0,0.537,4.0,22.173,22.157,0.111,0.175,0.7,4.0,20.102,20.102,0.011,0.017,0.6,4.0,19.145,19.138,0.007,0.022,2.1,4.0,18.747,18.752,0.008,0.019,1.0,4.0,18.503,18.504,0.018,0.004,0.0
308.5030823,-1.132302,0.019,0.021,4.0,0.543,4.0,19.368,19.353,0.016,0.031,1.0,4.0,17.831,17.827,0.006,0.014,1.3,4.0,17.172,17.172,0.004,0.011,2.0,4.0,16.914,16.913,0.006,0.015,1.0,4.0,16.764,16.762,0.01,0.01,0.3
308.5074463,-1.225595,0.009,0.017,4.0,0.575,4.0,19.606,19.603,0.018,0.024,0.4,4.0,18.1,18.095,0.007,0.017,2.0,4.0,17.465,17.464,0.004,0.005,0.2,4.0,17.218,17.223,0.006,0.007,0.4,4.0,17.089,17.089,0.01,0.017,0.6
308.5087891,-1.2139043,0.019,0.019,4.0,0.565,4.0,19.198,19.202,0.016,0.036,0.9,4.0,17.728,17.73,0.007,0.014,1.2,4.0,17.097,17.092,0.005,0.011,1.2,4.0,16.835,16.843,0.007,0.02,2.7,4.0,16.689,16.693,0.01,0.019,0.8
308.5092163,-1.1190259,0.011,0.024,4.0,0.533,4.0,18.888,18.888,0.014,0.052,2.7,4.0,17.502,17.498,0.007,0.012,0.9,4.0,16.913,16.912,0.004,0.013,2.0,4.0,16.677,16.676,0.006,0.008,0.4,4.0,16.532,16.538,0.01,0.017,0.8
308.5093994,-1.117219,0.024,0.031,4.0,0.532,4.0,21.654,21.647,0.081,0.249,1.4,4.0,19.062,19.045,0.009,0.024,2.3,4.0,17.636,17.638,0.004,0.009,0.7,4.0,17.047,17.046,0.006,0.007,0.4,4.0,16.677,16.683,0.01,0.022,1.0
308.5102539,-1.168782,0.006,0.011,4.0,0.55,4.0,17.196,17.198,0.011,0.057,3.8,4.0,15.639,15.636,0.006,0.01,0.7,4.0,14.943,14.941,0.003,0.007,0.6,4.0,14.665,14.664,0.006,0.009,0.5,4.0,14.492,14.498,0.009,0.013,0.4
308.5082092,-1.167293,0.013,0.014,4.0,0.551,4.0,20.392,20.403,0.029,0.057,0.7,4.0,18.42,18.418,0.007,0.012,0.9,4.0,17.548,17.546,0.004,0.013,1.4,4.0,17.189,17.186,0.006,0.012,0.8,4.0,16.953,16.951,0.01,0.018,0.7
308.5108948,-1.072857,0.023,0.028,4.0,0.512,4.0,20.794,20.754,0.039,0.086,1.4,4.0,19.495,19.487,0.016,0.037,1.4,4.0,18.84,18.839,0.016,0.015,0.2,4.0,18.599,18.602,0.02,0.018,0.2,4.0,18.459,18.468,0.02,0.039,0.8
308.5120544,-1.263167,0.007,0.019,4.0,0.591,4.0,18.365,18.351,0.012,0.05,4.2,4.0,16.805,16.81,0.006,0.017,1.5,4.0,16.136,16.144,0.003,0.01,1.9,4.0,15.838,15.834,0.006,0.024,2.5,4.0,15.706,15.705,0.009,0.012,0.3
308.5119019,-1.217849,0.008,0.018,4.0,0.565,4.0,19.479,19.481,0.018,0.035,0.8,4.0,17.618,17.618,0.007,0.015,1.5,4.0,16.862,16.862,0.004,0.01,0.7,4.0,16.586,16.587,0.006,0.011,0.6,4.0,16.439,16.44,0.01,0.006,0.1
308.5130005,-1.1205829,0.012,0.026,4.0,0.532,4.0,19.059,19.066,0.015,0.057,2.5,4.0,17.686,17.686,0.007,0.009,0.6,4.0,17.105,17.104,0.004,0.01,1.0,4.0,16.865,16.866,0.006,0.005,0.2,4.0,16.726,16.728,0.01,0.009,0.2
308.5172119,-1.230376,0.014,0.016,4.0,0.565,4.0,19.428,19.425,0.017,0.051,1.8,4.0,17.467,17.464,0.007,0.013,1.2,4.0,16.678,16.677,0.003,0.009,0.6,4.0,16.386,16.383,0.006,0.017,1.8,4.0,16.217,16.22,0.01,0.011,0.2
308.5134888,-1.0944289,0.011,0.021,4.0,0.519,0.0,0.045,0.045,0.0,0.0,0.0,4.0,20.66,20.652,0.016,0.029,0.9,4.0,19.14,19.14,0.007,0.021,2.3,4.0,18.329,18.335,0.007,0.016,1.4,4.0,17.854,17.856,0.013,0.009,0.1
308.5223999,-1.207152,0.023,0.019,4.0,0.553,4.0,18.803,18.8,0.014,0.037,1.4,4.0,17.444,17.443,0.007,0.003,0.0,4.0,16.81,16.806,0.004,0.008,0.8,4.0,16.542,16.542,0.006,0.013,0.8,4.0,16.403,16.402,0.01,0.008,0.1
308.5226135,-1.205687,0.012,0.01,4.0,0.552,4.0,21.567,21.564,0.069,0.035,0.0,4.0,20.045,20.053,0.017,0.016,0.1,4.0,19.202,19.196,0.008,0.017,1.2,4.0,18.862,18.85,0.01,0.026,1.7,4.0,18.651,18.654,0.02,0.014,0.1
308.5273438,-1.2129952,0.009,0.017,4.0,0.551,4.0,17.464,17.463,0.011,0.045,2.5,4.0,15.661,15.661,0.006,0.009,0.3,4.0,14.871,14.871,0.003,0.011,0.9,4.0,14.533,14.531,0.006,0.01,0.5,4.0,14.334,14.338,0.009,0.016,0.6
308.5282898,-1.189983,0.01,0.017,4.0,0.543,4.0,19.107,19.11,0.015,0.08,4.9,4.0,17.757,17.755,0.007,0.004,0.1,4.0,17.124,17.124,0.004,0.008,0.5,4.0,16.858,16.856,0.006,0.01,0.5,4.0,16.722,16.722,0.01,0.007,0.1
308.5296936,-1.1773952,0.014,0.015,4.0,0.538,4.0,16.434,16.439,0.01,0.053,3.3,4.0,15.188,15.188,0.006,0.004,0.1,4.0,14.798,14.794,0.003,0.009,0.9,4.0,14.656,14.657,0.006,0.005,0.2,4.0,14.589,14.595,0.009,0.02,1.1
308.5323181,-1.1851043,0.012,0.017,4.0,0.539,4.0,19.548,19.544,0.018,0.057,2.1,4.0,18.129,18.129,0.007,0.012,0.7,4.0,17.493,17.485,0.004,0.015,2.1,4.0,17.224,17.223,0.006,0.008,0.2,4.0,17.052,17.057,0.011,0.015,0.5
308.5323181,-1.1285372,0.026,0.046,4.0,0.528,4.0,19.651,19.648,0.019,0.054,1.7,4.0,19.601,19.599,0.009,0.025,1.3,4.0,19.748,19.749,0.01,0.01,0.2,4.0,19.911,19.899,0.015,0.024,0.7,4.0,20.114,20.135,0.06,0.128,0.9
308.5382996,-1.167304,0.011,0.027,4.0,0.534,4.0,18.55,18.558,0.013,0.042,1.6,4.0,17.03,17.031,0.007,0.006,0.1,4.0,16.413,16.409,0.004,0.013,1.6,4.0,16.16,16.164,0.006,0.006,0.4,4.0,16.052,16.057,0.01,0.033,3.4
308.539093,-1.1656709,0.004,0.029,4.0,0.533,4.0,20.799,20.81,0.039,0.03,0.2,4.0,19.489,19.484,0.01,0.011,0.3,4.0,18.918,18.912,0.006,0.019,2.3,4.0,18.668,18.668,0.008,0.007,0.2,4.0,18.525,18.526,0.018,0.039,1.0
308.5357056,-1.168112,0.023,0.059,4.0,0.534,0.0,0.067,0.067,0.0,0.0,0.0,4.0,22.427,22.439,0.069,0.024,0.0,4.0,20.842,20.858,0.021,0.064,2.1,4.0,19.704,19.702,0.013,0.022,0.6,4.0,19.05,19.038,0.025,0.056,1.3
308.5410156,-1.2034589,0.014,0.02,4.0,0.538,4.0,17.362,17.338,0.011,0.056,5.1,4.0,15.655,15.655,0.007,0.014,0.7,4.0,14.973,14.974,0.004,0.01,0.7,4.0,14.709,14.709,0.006,0.005,0.1,4.0,14.583,14.585,0.009,0.012,0.4
308.5411072,-1.1562052,0.004,0.025,4.0,0.531,4.0,17.305,17.306,0.011,0.044,2.2,4.0,15.654,15.657,0.006,0.013,0.5,4.0,14.984,14.984,0.003,0.006,0.6,4.0,14.714,14.71,0.006,0.003,0.1,4.0,14.581,14.588,0.009,0.019,1.0
308.5419006,-1.2346689,0.014,0.026,4.0,0.546,4.0,19.563,19.568,0.018,0.08,3.9,4.0,17.329,17.328,0.007,0.013,0.7,4.0,16.427,16.428,0.003,0.008,0.5,4.0,16.074,16.076,0.006,0.012,0.6,4.0,15.878,15.874,0.009,0.015,0.7
308.5444946,-1.2349589,0.011,0.023,4.0,0.543,4.0,21.917,21.961,0.099,0.174,0.6,4.0,19.485,19.498,0.009,0.027,2.5,4.0,18.265,18.264,0.005,0.005,0.2,4.0,17.668,17.664,0.007,0.022,2.3,4.0,17.272,17.272,0.011,0.007,0.1
308.5442505,-1.195086,0.017,0.013,4.0,0.534,4.0,18.82,18.824,0.014,0.043,1.6,4.0,17.427,17.425,0.007,0.015,1.0,4.0,16.797,16.798,0.004,0.008,0.5,4.0,16.543,16.542,0.006,0.005,0.1,4.0,16.418,16.42,0.01,0.007,0.1
308.5446167,-1.1976172,0.011,0.036,4.0,0.534,4.0,19.916,19.917,0.022,0.063,1.7,4.0,18.58,18.58,0.007,0.013,0.6,4.0,17.974,17.982,0.004,0.01,1.6,4.0,17.726,17.725,0.007,0.007,0.2,4.0,17.598,17.594,0.012,0.016,0.4
308.5498047,-1.2012722,0.011,0.024,4.0,0.533,4.0,17.032,17.038,0.01,0.055,3.6,4.0,15.35,15.349,0.006,0.015,0.9,4.0,14.617,14.619,0.003,0.005,0.4,4.0,14.313,14.307,0.006,0.021,2.4,4.0,14.169,14.166,0.009,0.015,0.7
308.5488892,-1.2043222,0.021,0.032,4.0,0.533,4.0,22.127,22.079,0.106,0.087,0.2,4.0,19.323,19.319,0.008,0.012,0.6,4.0,17.784,17.787,0.004,0.018,2.4,4.0,17.014,17.012,0.006,0.011,0.6,4.0,16.557,16.556,0.01,0.006,0.1
308.552887,-1.199811,0.016,0.022,4.0,0.531,4.0,21.113,21.103,0.05,0.084,0.7,4.0,19.527,19.514,0.011,0.029,2.1,4.0,18.82,18.815,0.006,0.014,1.1,4.0,18.517,18.519,0.008,0.008,0.2,4.0,18.347,18.346,0.016,0.023,0.4
308.5518494,-1.2512273,0.017,0.016,4.0,0.541,4.0,18.85,18.843,0.014,0.051,2.8,4.0,17.333,17.333,0.007,0.013,0.6,4.0,16.686,16.694,0.003,0.009,1.6,4.0,16.412,16.414,0.006,0.02,1.7,4.0,16.294,16.286,0.01,0.014,0.6
308.5580444,-1.262206,0.003,0.02,4.0,0.536,4.0,19.094,19.093,0.015,0.055,2.7,4.0,17.435,17.433,0.007,0.015,0.9,4.0,16.726,16.73,0.003,0.007,0.9,4.0,16.451,16.453,0.006,0.023,2.5,4.0,16.326,16.317,0.01,0.026,1.9
308.5621033,-1.1325638,0.002,0.016,4.0,0.52,0.0,0.056,0.056,0.0,0.0,0.0,4.0,21.133,21.131,0.023,0.01,0.0,4.0,19.919,19.918,0.011,0.029,2.0,4.0,19.456,19.456,0.012,0.019,0.7,4.0,19.212,19.215,0.029,0.09,1.7
308.5653992,-1.113636,0.011,0.023,4.0,0.51,4.0,18.067,18.057,0.016,0.052,2.5,4.0,16.477,16.482,0.013,0.025,0.8,4.0,15.825,15.812,0.013,0.025,1.2,4.0,15.554,15.557,0.014,0.016,0.3,4.0,15.447,15.446,0.015,0.01,0.1
308.5646057,-1.1135142,0.015,0.024,4.0,0.51,4.0,18.567,18.557,0.035,0.074,1.1,4.0,16.88,16.888,0.028,0.038,0.4,4.0,16.2,16.197,0.018,0.028,0.3,4.0,15.929,15.928,0.019,0.009,0.0,4.0,15.816,15.82,0.029,0.034,0.3
308.5797119,-1.0630549,0.047,0.033,4.0,0.485,3.0,22.335,22.18,0.141,0.231,1.0,4.0,21.99,21.959,0.045,0.085,1.0,4.0,20.363,20.372,0.015,0.04,1.8,4.0,19.108,19.111,0.01,0.02,0.9,4.0,18.411,18.41,0.017,0.018,0.4
308.5932922,-1.243763,0.031,0.023,4.0,0.51,4.0,20.547,20.54,0.033,0.056,0.7,4.0,18.0,17.992,0.007,0.071,2.1,4.0,16.8,16.797,0.003,0.007,0.5,4.0,16.318,16.322,0.016,0.015,0.2,4.0,16.048,16.046,0.01,0.011,0.4
308.6100159,-1.088666,0.025,0.021,4.0,0.488,4.0,19.555,19.547,0.018,0.081,5.3,4.0,17.67,17.673,0.007,0.026,2.0,4.0,16.801,16.801,0.004,0.015,2.4,4.0,16.439,16.436,0.006,0.009,0.6,4.0,16.223,16.222,0.009,0.024,1.4
308.6098938,-1.087,0.035,0.053,4.0,0.488,0.0,0.047,0.047,0.0,0.0,0.0,4.0,21.798,21.808,0.041,0.034,0.2,4.0,20.521,20.527,0.016,0.025,0.5,4.0,19.953,19.95,0.017,0.028,0.5,4.0,19.579,19.561,0.039,0.135,2.6
308.5014038,-1.2425507,0.008,0.028,4.0,0.595,4.0,20.587,20.568,0.033,0.099,2.4,4.0,19.378,19.387,0.008,0.02,1.6,4.0,18.854,18.855,0.006,0.008,0.3,4.0,18.617,18.617,0.008,0.007,0.1,4.0,18.464,18.477,0.018,0.039,1.3
308.5018921,-1.192006,0.031,0.028,4.0,0.563,0.0,0.061,0.061,0.0,0.0,0.0,4.0,20.372,20.375,0.013,0.015,0.3,4.0,18.786,18.786,0.006,0.011,0.7,4.0,17.914,17.922,0.007,0.026,2.8,4.0,17.428,17.433,0.011,0.019,0.8
308.5024109,-1.078585,0.025,0.017,4.0,0.519,4.0,21.675,21.721,0.083,0.147,0.7,4.0,20.426,20.433,0.014,0.031,1.3,4.0,19.904,19.904,0.01,0.015,0.5,4.0,19.695,19.691,0.013,0.016,0.4,4.0,19.552,19.544,0.036,0.044,0.3
308.5032959,-1.184507,0.009,0.032,4.0,0.56,3.0,22.558,22.443,0.167,0.17,0.4,4.0,20.674,20.653,0.016,0.051,2.6,4.0,19.792,19.8,0.01,0.031,2.4,4.0,19.467,19.462,0.012,0.027,1.1,4.0,19.252,19.238,0.029,0.076,1.9
308.5036926,-1.118605,0.01,0.019,4.0,0.535,4.0,21.502,21.47,0.069,0.211,2.0,4.0,19.556,19.566,0.009,0.027,2.5,4.0,18.729,18.728,0.006,0.011,1.0,4.0,18.391,18.393,0.008,0.017,1.1,4.0,18.206,18.187,0.015,0.032,1.3
308.5044861,-1.166052,0.008,0.009,4.0,0.553,4.0,22.13,22.068,0.11,0.136,0.4,4.0,20.068,20.067,0.011,0.013,0.3,4.0,19.149,19.148,0.007,0.021,2.0,4.0,18.785,18.776,0.009,0.032,3.0,4.0,18.552,18.54,0.018,0.042,1.4
308.5064087,-1.246178,0.006,0.023,4.0,0.591,4.0,21.712,21.696,0.083,0.455,4.8,4.0,20.128,20.126,0.011,0.021,1.0,4.0,19.378,19.384,0.008,0.015,1.1,4.0,19.055,19.054,0.01,0.009,0.3,4.0,18.865,18.867,0.022,0.05,1.0
308.5065002,-1.1045259,0.012,0.014,4.0,0.527,4.0,21.195,21.199,0.054,0.21,2.0,4.0,18.448,18.437,0.007,0.022,2.8,4.0,17.166,17.169,0.004,0.009,1.0,4.0,16.666,16.664,0.006,0.015,1.2,4.0,16.351,16.353,0.009,0.008,0.2
308.5054932,-1.094746,0.012,0.024,4.0,0.523,2.0,22.23,22.224,0.193,0.206,0.6,4.0,20.783,20.773,0.018,0.056,2.1,4.0,20.008,20.004,0.011,0.018,0.6,4.0,19.69,19.684,0.013,0.014,0.3,4.0,19.578,19.553,0.037,0.097,1.5
308.5070801,-1.2522889,0.006,0.029,4.0,0.593,4.0,20.137,20.129,0.026,0.076,2.1,4.0,18.76,18.761,0.007,0.019,1.9,4.0,18.145,18.145,0.005,0.008,0.6,4.0,17.87,17.866,0.007,0.013,0.7,4.0,17.721,17.721,0.012,0.013,0.3
308.507782,-1.1488422,0.016,0.021,4.0,0.545,4.0,21.997,21.997,0.103,0.181,0.4,4.0,19.735,19.735,0.01,0.015,0.6,4.0,18.757,18.762,0.006,0.01,0.9,4.0,18.386,18.378,0.007,0.018,1.6,4.0,18.162,18.162,0.015,0.008,0.1
308.5088806,-1.2282162,0.008,0.014,4.0,0.575,0.0,0.062,0.062,0.0,0.0,0.0,4.0,20.076,20.077,0.011,0.042,2.7,4.0,18.56,18.559,0.006,0.013,1.0,4.0,17.834,17.833,0.007,0.008,0.2,4.0,17.415,17.418,0.011,0.025,1.1
308.5093079,-1.239229,0.013,0.01,4.0,0.582,4.0,20.756,20.727,0.037,0.135,3.5,4.0,19.304,19.306,0.008,0.013,0.6,4.0,18.637,18.638,0.006,0.017,1.4,4.0,18.351,18.353,0.008,0.016,0.8,4.0,18.19,18.188,0.015,0.016,0.3
308.5113525,-1.1960932,0.028,0.048,4.0,0.558,0.0,0.071,0.071,0.0,0.0,0.0,4.0,22.687,22.647,0.081,0.138,0.7,4.0,20.98,20.967,0.023,0.042,0.8,4.0,19.636,19.637,0.013,0.013,0.2,4.0,18.878,18.873,0.022,0.016,0.1
308.5097961,-1.1956922,0.015,0.018,4.0,0.559,4.0,21.784,21.738,0.083,0.142,0.8,4.0,20.469,20.475,0.014,0.016,0.4,4.0,19.835,19.832,0.01,0.016,0.5,4.0,19.559,19.563,0.012,0.04,2.3,4.0,19.404,19.405,0.033,0.055,0.7
308.5115051,-1.146013,0.017,0.012,4.0,0.542,4.0,21.795,21.701,0.081,0.154,1.1,4.0,20.085,20.089,0.011,0.033,2.3,4.0,19.277,19.277,0.007,0.012,0.7,4.0,18.961,18.962,0.009,0.008,0.2,4.0,18.73,18.727,0.02,0.057,2.2
308.5125122,-1.244141,0.007,0.016,4.0,0.581,4.0,20.34,20.343,0.028,0.029,0.3,4.0,17.862,17.861,0.007,0.016,1.7,4.0,16.851,16.853,0.004,0.013,1.7,4.0,16.483,16.48,0.006,0.017,1.6,4.0,16.272,16.273,0.01,0.012,0.4
308.5125122,-1.1041679,0.019,0.029,4.0,0.524,2.0,22.17,22.063,0.157,0.362,2.2,4.0,20.409,20.418,0.014,0.03,1.3,4.0,19.539,19.538,0.008,0.01,0.4,4.0,19.214,19.205,0.01,0.03,2.2,4.0,18.926,18.957,0.024,0.069,2.1
308.5134888,-1.0543518,0.018,0.021,11.0,0.505,8.0,22.068,22.048,0.074,0.242,1.2,10.0,20.421,20.416,0.009,0.036,1.9,10.0,19.667,19.672,0.006,0.025,2.1,10.0,19.355,19.359,0.007,0.034,2.1,10.0,19.195,19.184,0.018,0.067,1.4
308.5150146,-1.215091,0.017,0.015,4.0,0.561,4.0,20.403,20.399,0.029,0.028,0.2,4.0,18.22,18.211,0.007,0.017,1.7,4.0,17.289,17.29,0.004,0.009,0.6,4.0,16.942,16.941,0.006,0.01,0.5,4.0,16.74,16.741,0.01,0.003,0.0
308.5154114,-1.1531889,0.008,0.023,4.0,0.541,4.0,19.839,19.854,0.021,0.079,2.8,4.0,17.859,17.853,0.007,0.018,2.1,4.0,17.003,16.995,0.004,0.015,2.6,4.0,16.654,16.655,0.006,0.005,0.1,4.0,16.438,16.437,0.01,0.015,0.6
308.5184937,-1.046639,0.018,0.031,12.0,0.502,10.0,21.714,21.673,0.049,0.138,0.7,11.0,19.958,19.955,0.009,0.03,0.9,11.0,19.134,19.144,0.006,0.026,1.8,11.0,18.815,18.814,0.005,0.023,1.6,11.0,18.606,18.599,0.012,0.075,4.2
308.5190125,-1.1183872,0.016,0.023,4.0,0.528,4.0,20.633,20.619,0.035,0.086,1.3,4.0,18.552,18.549,0.007,0.01,0.4,4.0,17.689,17.691,0.004,0.009,0.9,4.0,17.355,17.354,0.006,0.008,0.3,4.0,17.141,17.143,0.011,0.021,0.9
308.5177002,-1.1161382,0.016,0.021,4.0,0.528,2.0,22.174,22.07,0.176,0.444,2.8,4.0,19.565,19.565,0.009,0.002,0.0,4.0,18.22,18.227,0.005,0.011,1.3,4.0,17.628,17.622,0.007,0.026,2.5,4.0,17.262,17.256,0.011,0.019,0.7
308.5214844,-1.2392272,0.003,0.019,4.0,0.565,4.0,19.631,19.62,0.019,0.044,1.4,4.0,17.866,17.865,0.007,0.011,0.8,4.0,17.145,17.146,0.004,0.011,0.7,4.0,16.876,16.87,0.006,0.023,2.4,4.0,16.734,16.732,0.01,0.011,0.3
308.5217896,-1.1828473,0.011,0.015,4.0,0.546,4.0,20.213,20.205,0.026,0.056,1.1,4.0,18.955,18.953,0.008,0.008,0.3,4.0,18.389,18.386,0.005,0.012,1.3,4.0,18.151,18.151,0.007,0.011,0.5,4.0,18.006,18.009,0.014,0.009,0.1
308.5233459,-1.236619,0.013,0.021,4.0,0.562,4.0,20.933,20.917,0.043,0.061,0.6,4.0,18.782,18.779,0.008,0.016,1.1,4.0,17.919,17.915,0.006,0.011,0.8,4.0,17.572,17.569,0.007,0.023,2.1,4.0,17.364,17.37,0.011,0.017,0.5
308.5246887,-1.236883,0.011,0.012,4.0,0.561,4.0,21.506,21.515,0.069,0.079,0.3,4.0,19.513,19.511,0.009,0.021,0.6,4.0,18.666,18.659,0.007,0.015,1.1,4.0,18.32,18.318,0.008,0.017,1.0,4.0,18.124,18.127,0.015,0.021,0.4
308.526001,-1.2356142,0.016,0.038,4.0,0.56,0.0,0.058,0.058,0.0,0.0,0.0,4.0,22.974,22.871,0.099,0.153,0.8,4.0,21.383,21.38,0.032,0.028,0.2,4.0,20.077,20.06,0.017,0.044,1.7,4.0,19.263,19.266,0.03,0.09,2.0
308.5272827,-1.2374009,0.014,0.021,4.0,0.559,4.0,21.084,21.066,0.048,0.061,0.5,4.0,19.734,19.719,0.01,0.029,2.4,4.0,19.053,19.054,0.007,0.015,1.1,4.0,18.749,18.747,0.009,0.025,1.8,4.0,18.575,18.559,0.018,0.038,1.1
308.5307007,-1.1323342,0.003,0.018,4.0,0.53,4.0,20.578,20.566,0.032,0.113,2.9,4.0,18.362,18.359,0.007,0.008,0.4,4.0,17.472,17.471,0.004,0.013,1.5,4.0,17.135,17.134,0.006,0.007,0.2,4.0,16.956,16.958,0.01,0.023,1.1
308.5282898,-1.100809,0.006,0.008,4.0,0.516,4.0,21.437,21.454,0.062,0.067,0.3,4.0,20.277,20.274,0.013,0.021,0.6,4.0,19.82,19.82,0.011,0.033,2.1,4.0,19.612,19.605,0.014,0.033,1.3,4.0,19.417,19.398,0.034,0.064,0.9
308.5327148,-1.2323689,0.013,0.02,4.0,0.553,3.0,22.175,21.967,0.116,0.323,2.4,4.0,19.654,19.654,0.011,0.016,0.5,4.0,18.55,18.55,0.008,0.024,1.6,4.0,18.058,18.058,0.009,0.013,0.4,4.0,17.757,17.751,0.013,0.035,1.5
308.5320129,-1.2301842,0.025,0.031,4.0,0.553,0.0,0.065,0.065,0.0,0.0,0.0,4.0,21.648,21.658,0.034,0.082,1.4,4.0,20.169,20.171,0.013,0.017,0.4,4.0,19.493,19.494,0.012,0.02,0.8,4.0,19.124,19.121,0.027,0.05,0.8
308.5346069,-1.0995359,0.01,0.013,4.0,0.512,4.0,21.204,21.208,0.054,0.061,0.3,4.0,20.157,20.16,0.012,0.018,0.5,4.0,19.822,19.821,0.01,0.003,0.0,4.0,19.666,19.669,0.013,0.027,1.3,4.0,19.668,19.646,0.04,0.043,0.3
308.53479,-1.1648829,0.017,0.024,4.0,0.534,4.0,21.551,21.443,0.065,0.159,1.8,4.0,20.341,20.333,0.013,0.033,1.8,4.0,19.764,19.755,0.01,0.034,2.7,4.0,19.519,19.507,0.012,0.04,2.8,4.0,19.385,19.373,0.033,0.099,2.4
308.5377808,-1.2443242,0.013,0.017,4.0,0.553,0.0,0.054,0.054,0.0,0.0,0.0,4.0,20.567,20.568,0.015,0.03,0.8,4.0,19.087,19.089,0.007,0.007,0.2,4.0,18.389,18.391,0.008,0.014,1.0,4.0,17.95,17.947,0.014,0.043,2.5
308.5358887,-1.200583,0.008,0.028,4.0,0.541,0.0,0.067,0.067,0.0,0.0,0.0,4.0,20.113,20.118,0.012,0.024,1.0,4.0,18.583,18.581,0.006,0.012,1.0,4.0,17.754,17.752,0.007,0.005,0.2,4.0,17.276,17.276,0.011,0.018,0.8
308.5364075,-1.104582,0.013,0.017,4.0,0.514,4.0,21.686,21.62,0.077,0.2,1.9,4.0,19.595,19.597,0.009,0.02,0.8,4.0,18.662,18.667,0.006,0.015,2.1,4.0,18.272,18.272,0.007,0.005,0.1,4.0,18.041,18.046,0.014,0.023,0.5
308.5367126,-1.1541059,0.013,0.029,4.0,0.532,3.0,22.217,22.14,0.136,0.14,0.4,4.0,19.186,19.187,0.008,0.024,1.5,4.0,17.744,17.745,0.004,0.003,0.1,4.0,17.077,17.078,0.006,0.005,0.2,4.0,16.69,16.698,0.01,0.03,2.1
308.5372925,-1.195273,0.016,0.015,4.0,0.538,4.0,20.131,20.126,0.025,0.039,0.7,4.0,18.1,18.098,0.007,0.014,0.8,4.0,17.251,17.254,0.004,0.013,1.1,4.0,16.917,16.918,0.006,0.008,0.2,4.0,16.721,16.722,0.01,0.013,0.4
308.5376892,-1.1824009,0.014,0.016,4.0,0.535,3.0,22.131,22.187,0.134,0.16,0.4,4.0,19.753,19.748,0.01,0.016,0.7,4.0,18.372,18.373,0.005,0.004,0.1,4.0,17.764,17.767,0.007,0.008,0.5,4.0,17.402,17.399,0.011,0.023,1.1
308.5379639,-1.1781012,0.02,0.024,4.0,0.534,4.0,21.05,21.042,0.046,0.166,2.7,4.0,19.925,19.927,0.01,0.012,0.4,4.0,19.432,19.431,0.008,0.01,0.3,4.0,19.204,19.207,0.01,0.014,0.4,4.0,19.064,19.053,0.025,0.072,1.7
308.5380859,-1.084149,0.007,0.025,4.0,0.504,4.0,21.702,21.722,0.083,0.12,0.3,4.0,19.846,19.846,0.01,0.01,0.2,4.0,19.018,19.025,0.007,0.015,1.8,4.0,18.699,18.702,0.008,0.017,0.9,4.0,18.475,18.469,0.017,0.026,0.6
308.5390015,-1.20875,0.021,0.026,4.0,0.541,4.0,22.118,22.042,0.111,0.306,1.5,4.0,20.066,20.066,0.011,0.025,0.9,4.0,19.095,19.092,0.007,0.014,0.9,4.0,18.665,18.662,0.008,0.012,0.4,4.0,18.393,18.395,0.017,0.043,1.3
308.5404968,-1.134387,0.006,0.03,4.0,0.527,4.0,20.96,20.927,0.043,0.126,1.9,4.0,18.167,18.168,0.007,0.018,1.0,4.0,16.791,16.797,0.003,0.007,1.1,4.0,16.096,16.096,0.006,0.008,0.2,4.0,15.694,15.694,0.009,0.014,0.5
308.5404968,-1.137393,0.015,0.02,4.0,0.528,4.0,21.996,22.057,0.109,0.275,1.1,4.0,20.394,20.392,0.014,0.015,0.3,4.0,19.71,19.71,0.009,0.009,0.2,4.0,19.397,19.39,0.011,0.029,1.8,4.0,19.252,19.247,0.029,0.065,0.9
308.5419006,-1.1653322,0.013,0.03,4.0,0.532,3.0,21.906,21.901,0.103,0.066,0.1,4.0,19.589,19.583,0.009,0.017,0.8,4.0,18.53,18.532,0.006,0.008,0.6,4.0,18.11,18.112,0.007,0.012,0.5,4.0,17.889,17.882,0.013,0.03,1.3
308.5426636,-1.250967,0.006,0.021,4.0,0.55,4.0,22.02,21.96,0.103,0.263,1.2,4.0,20.078,20.075,0.011,0.012,0.3,4.0,19.207,19.209,0.007,0.018,1.3,4.0,18.843,18.838,0.009,0.027,2.4,4.0,18.615,18.603,0.019,0.061,2.4
308.5427551,-1.1750772,0.014,0.03,4.0,0.533,4.0,20.798,20.77,0.038,0.121,2.6,4.0,19.17,19.17,0.008,0.024,1.5,4.0,18.509,18.509,0.006,0.012,0.9,4.0,18.241,18.236,0.007,0.009,0.4,4.0,18.099,18.101,0.014,0.031,0.9
308.5469055,-1.164254,0.014,0.03,4.0,0.531,2.0,22.218,22.225,0.186,0.033,0.0,4.0,19.412,19.411,0.009,0.02,1.1,4.0,17.983,17.99,0.004,0.008,1.0,4.0,17.373,17.373,0.006,0.006,0.2,4.0,17.016,17.023,0.011,0.027,1.4
308.5473938,-1.1187,0.018,0.027,4.0,0.517,0.0,0.055,0.055,0.0,0.0,0.0,4.0,20.589,20.601,0.016,0.041,1.6,4.0,19.185,19.193,0.007,0.018,1.7,4.0,18.566,18.568,0.008,0.011,0.4,4.0,18.192,18.201,0.015,0.034,1.0
308.5502014,-1.21988,0.009,0.035,4.0,0.535,4.0,21.614,21.629,0.076,0.158,0.8,4.0,20.135,20.129,0.012,0.016,0.5,4.0,19.47,19.472,0.008,0.015,0.9,4.0,19.196,19.192,0.011,0.023,1.1,4.0,19.061,19.058,0.025,0.059,1.1
308.5506897,-1.06361,0.011,0.015,4.0,0.493,4.0,21.715,21.621,0.078,0.186,1.7,4.0,19.991,19.993,0.011,0.025,1.0,4.0,19.274,19.282,0.007,0.012,0.8,4.0,18.97,18.974,0.009,0.019,1.1,4.0,18.772,18.75,0.02,0.038,1.0
308.5568848,-1.166972,0.013,0.02,4.0,0.529,4.0,20.159,20.165,0.025,0.027,0.3,4.0,18.478,18.478,0.007,0.019,1.3,4.0,17.765,17.764,0.004,0.009,0.7,4.0,17.466,17.461,0.006,0.012,1.0,4.0,17.3,17.299,0.011,0.007,0.1
308.5571594,-1.236496,0.008,0.02,4.0,0.533,4.0,20.288,20.289,0.027,0.022,0.2,4.0,17.851,17.849,0.007,0.028,2.8,4.0,16.824,16.824,0.003,0.01,0.6,4.0,16.415,16.412,0.006,0.005,0.2,4.0,16.172,16.166,0.01,0.016,0.7
308.5580444,-1.093263,0.015,0.018,4.0,0.502,4.0,21.757,21.76,0.086,0.042,0.0,4.0,19.664,19.661,0.01,0.028,1.9,4.0,18.617,18.614,0.006,0.016,2.1,4.0,18.185,18.184,0.007,0.008,0.2,4.0,17.918,17.897,0.013,0.038,2.4
308.5602112,-1.106536,0.018,0.029,4.0,0.508,4.0,20.477,20.473,0.031,0.029,0.2,4.0,19.387,19.382,0.009,0.029,2.5,4.0,18.84,18.851,0.006,0.018,2.8,4.0,18.602,18.606,0.008,0.016,0.8,4.0,18.508,18.518,0.018,0.036,1.0
308.5612183,-1.2571242,0.007,0.007,4.0,0.532,4.0,20.916,20.943,0.043,0.099,1.2,4.0,19.27,19.272,0.008,0.011,0.3,4.0,18.508,18.517,0.005,0.013,1.6,4.0,18.194,18.204,0.007,0.022,2.8,4.0,17.999,18.005,0.014,0.019,0.5
308.5613098,-1.1709832,0.006,0.02,4.0,0.528,4.0,22.291,22.28,0.126,0.069,0.1,4.0,20.281,20.27,0.012,0.031,1.5,4.0,19.182,19.185,0.007,0.017,1.6,4.0,18.737,18.734,0.008,0.02,1.6,4.0,18.487,18.485,0.017,0.042,1.5
308.5630493,-1.199813,0.015,0.02,4.0,0.528,0.0,0.067,0.067,0.0,0.0,0.0,4.0,20.118,20.121,0.017,0.051,1.5,4.0,18.676,18.67,0.009,0.016,0.8,4.0,18.072,18.073,0.009,0.011,0.4,4.0,17.731,17.729,0.013,0.018,0.6
308.5626526,-1.200716,0.016,0.026,4.0,0.528,3.0,21.898,21.94,0.108,0.195,0.9,4.0,20.335,20.333,0.016,0.05,1.5,4.0,19.487,19.469,0.011,0.028,1.3,4.0,19.145,19.148,0.014,0.018,0.2,4.0,19.014,19.02,0.031,0.06,0.6
308.5632935,-1.245281,0.009,0.021,4.0,0.529,4.0,21.733,21.72,0.085,0.065,0.1,4.0,20.409,20.415,0.014,0.049,2.1,4.0,19.761,19.754,0.01,0.027,2.0,4.0,19.495,19.495,0.012,0.022,0.7,4.0,19.364,19.376,0.033,0.045,0.5
308.5628967,-1.243856,0.016,0.04,4.0,0.529,2.0,22.462,22.463,0.2,0.04,0.0,4.0,21.225,21.203,0.024,0.056,1.3,4.0,20.508,20.514,0.016,0.026,0.7,4.0,20.229,20.238,0.022,0.075,1.7,4.0,20.115,20.09,0.06,0.174,1.8
308.5643921,-1.1596538,0.017,0.045,4.0,0.525,0.0,0.065,0.065,0.0,0.0,0.0,4.0,21.991,21.996,0.046,0.085,0.9,4.0,20.6,20.611,0.017,0.028,0.7,4.0,19.998,20.007,0.016,0.027,0.7,4.0,19.528,19.536,0.037,0.053,0.5
308.564209,-1.2061123,0.016,0.021,4.0,0.528,4.0,20.742,20.731,0.036,0.07,0.9,4.0,19.429,19.433,0.009,0.021,0.9,4.0,18.854,18.85,0.006,0.015,1.2,4.0,18.601,18.599,0.008,0.009,0.4,4.0,18.465,18.464,0.017,0.03,0.7
308.5653992,-1.1692359,0.009,0.018,4.0,0.527,4.0,20.357,20.357,0.028,0.014,0.1,4.0,18.671,18.674,0.007,0.028,2.1,4.0,17.881,17.877,0.004,0.016,2.9,4.0,17.506,17.497,0.006,0.021,3.0,4.0,17.301,17.303,0.011,0.013,0.3
308.5664978,-1.2441509,0.008,0.015,4.0,0.527,4.0,21.565,21.523,0.069,0.156,1.2,4.0,19.308,19.306,0.008,0.029,2.5,4.0,18.266,18.269,0.005,0.014,1.8,4.0,17.843,17.839,0.007,0.008,0.5,4.0,17.61,17.608,0.012,0.029,1.2
308.5693054,-1.1954859,0.016,0.027,4.0,0.525,0.0,0.067,0.067,0.0,0.0,0.0,4.0,20.473,20.47,0.014,0.039,2.0,4.0,19.065,19.072,0.007,0.02,2.7,4.0,18.495,18.494,0.008,0.013,0.7,4.0,18.176,18.181,0.015,0.031,1.0
308.5725098,-1.161713,0.018,0.019,4.0,0.524,0.0,0.063,0.063,0.0,0.0,0.0,4.0,20.542,20.539,0.015,0.016,0.3,4.0,19.523,19.52,0.008,0.024,2.1,4.0,19.061,19.058,0.009,0.034,3.0,4.0,18.807,18.811,0.021,0.034,0.6
308.572998,-1.0930372,0.017,0.019,4.0,0.498,4.0,21.719,21.717,0.083,0.046,0.1,4.0,19.982,19.983,0.011,0.013,0.3,4.0,19.249,19.241,0.007,0.021,1.7,4.0,18.955,18.957,0.009,0.018,0.9,4.0,18.794,18.797,0.021,0.036,0.7
308.5767517,-1.1624807,0.016,0.013,4.0,0.523,3.0,22.115,22.198,0.132,0.461,3.4,4.0,20.321,20.302,0.013,0.042,2.8,4.0,19.33,19.333,0.008,0.009,0.4,4.0,18.922,18.918,0.009,0.02,1.4,4.0,18.731,18.723,0.02,0.038,1.0
308.5783081,-1.220655,0.023,0.022,4.0,0.52,2.0,21.812,21.787,0.131,0.113,0.3,4.0,20.504,20.505,0.016,0.052,2.4,4.0,19.496,19.488,0.008,0.015,1.0,4.0,19.069,19.061,0.009,0.016,0.8,4.0,18.831,18.827,0.022,0.043,1.0
308.5858459,-1.2310622,0.02,0.009,4.0,0.515,2.0,22.431,22.398,0.194,0.161,0.3,4.0,20.693,20.686,0.016,0.034,1.0,4.0,19.794,19.792,0.01,0.004,0.0,4.0,19.413,19.41,0.011,0.028,1.4,4.0,19.219,19.234,0.029,0.067,1.2
308.5946045,-1.2464529,0.029,0.023,4.0,0.508,2.0,22.554,22.558,0.192,0.034,0.0,4.0,20.4,20.386,0.014,0.041,2.2,4.0,19.504,19.504,0.008,0.004,0.1,4.0,19.135,19.138,0.01,0.03,2.0,4.0,18.952,18.942,0.024,0.051,1.1
308.5979614,-1.256162,0.031,0.009,4.0,0.503,4.0,21.737,21.735,0.083,0.024,0.0,4.0,18.92,18.919,0.009,0.028,2.4,4.0,17.638,17.642,0.006,0.01,0.5,4.0,17.148,17.146,0.008,0.012,0.6,4.0,16.87,16.87,0.012,0.014,0.4
308.6054077,-1.1995579,0.025,0.019,4.0,0.509,4.0,22.326,22.317,0.134,0.136,0.2,4.0,20.676,20.681,0.016,0.043,1.3,4.0,19.77,19.774,0.009,0.019,0.9,4.0,19.36,19.345,0.011,0.033,2.3,4.0,19.117,19.123,0.027,0.055,1.1
308.6087952,-1.212878,0.025,0.019,4.0,0.504,4.0,21.968,21.972,0.101,0.179,0.7,4.0,20.629,20.631,0.016,0.053,2.1,4.0,19.969,19.963,0.011,0.023,1.3,4.0,19.679,19.684,0.013,0.041,2.5,4.0,19.546,19.568,0.038,0.054,0.6
308.6092529,-1.2468872,0.029,0.014,4.0,0.498,4.0,21.233,21.205,0.055,0.109,0.9,4.0,19.815,19.821,0.011,0.03,1.4,4.0,19.215,19.215,0.007,0.007,0.2,4.0,18.931,18.934,0.009,0.011,0.3,4.0,18.819,18.818,0.022,0.04,0.8
308.5004883,-1.161709,0.014,0.03,4.0,0.554,0.0,0.065,0.065,0.0,0.0,0.0,4.0,21.812,21.793,0.038,0.092,1.3,4.0,20.215,20.216,0.013,0.014,0.3,4.0,19.279,19.281,0.01,0.018,0.6,4.0,18.752,18.749,0.02,0.03,0.5
308.500885,-1.1478,0.007,0.019,4.0,0.549,0.0,0.058,0.058,0.0,0.0,0.0,4.0,21.47,21.488,0.03,0.06,0.9,4.0,19.894,19.89,0.011,0.028,1.5,4.0,19.011,19.01,0.009,0.019,0.9,4.0,18.455,18.461,0.017,0.011,0.1
308.5046997,-1.2297629,0.003,0.021,4.0,0.582,0.0,0.064,0.064,0.0,0.0,0.0,4.0,21.435,21.451,0.029,0.095,2.7,4.0,19.915,19.917,0.011,0.023,1.1,4.0,19.298,19.3,0.011,0.014,0.5,4.0,18.872,18.867,0.022,0.017,0.2
308.5052185,-1.0881032,0.008,0.032,4.0,0.521,0.0,0.047,0.047,0.0,0.0,0.0,4.0,21.575,21.566,0.032,0.075,1.5,4.0,20.252,20.25,0.013,0.019,0.5,4.0,19.699,19.691,0.013,0.045,3.0,4.0,19.289,19.3,0.03,0.071,1.4
308.5080872,-1.0932182,0.012,0.021,4.0,0.521,0.0,0.046,0.046,0.0,0.0,0.0,4.0,21.093,21.08,0.022,0.032,0.6,4.0,19.532,19.533,0.008,0.012,0.6,4.0,18.733,18.734,0.008,0.005,0.1,4.0,18.258,18.266,0.015,0.047,1.7
308.511261,-1.1658549,0.023,0.038,4.0,0.548,0.0,0.065,0.065,0.0,0.0,0.0,4.0,21.449,21.466,0.029,0.065,1.2,4.0,20.288,20.288,0.014,0.033,1.1,4.0,19.76,19.753,0.013,0.027,1.1,4.0,19.431,19.438,0.034,0.066,1.0
308.5113525,-1.052887,0.022,0.028,12.0,0.506,0.0,0.051,0.051,0.0,0.0,0.0,11.0,21.837,21.818,0.024,0.118,2.2,11.0,20.293,20.284,0.009,0.047,1.6,11.0,18.87,18.857,0.005,0.026,2.3,11.0,18.074,18.065,0.008,0.025,0.8
308.5123596,-1.1416559,0.009,0.024,4.0,0.54,0.0,0.057,0.057,0.0,0.0,0.0,4.0,21.66,21.627,0.034,0.086,1.9,4.0,20.173,20.167,0.013,0.016,0.4,4.0,19.583,19.577,0.012,0.015,0.4,4.0,19.187,19.178,0.028,0.066,1.1
308.5162659,-1.0713062,0.015,0.028,4.0,0.509,0.0,0.056,0.056,0.0,0.0,0.0,4.0,21.439,21.434,0.029,0.051,0.7,4.0,20.22,20.22,0.013,0.005,0.0,4.0,19.75,19.752,0.013,0.016,0.3,4.0,19.392,19.4,0.033,0.082,1.6
308.5164185,-1.2003742,0.015,0.027,4.0,0.555,0.0,0.068,0.068,0.0,0.0,0.0,4.0,21.013,21.022,0.02,0.021,0.3,4.0,19.894,19.895,0.011,0.012,0.3,4.0,19.464,19.462,0.012,0.023,1.0,4.0,19.203,19.196,0.028,0.04,0.4
308.5209656,-1.217512,0.028,0.017,4.0,0.557,0.0,0.058,0.058,0.0,0.0,0.0,4.0,21.904,21.882,0.041,0.053,0.4,4.0,20.239,20.228,0.013,0.032,1.5,4.0,19.376,19.369,0.011,0.017,0.6,4.0,18.866,18.873,0.022,0.029,0.4
308.5212097,-1.0700052,0.009,0.02,4.0,0.506,0.0,0.055,0.055,0.0,0.0,0.0,4.0,21.283,21.297,0.026,0.056,0.8,4.0,19.785,19.783,0.01,0.011,0.3,4.0,18.743,18.749,0.008,0.025,2.1,4.0,18.136,18.135,0.014,0.029,1.2
308.5257874,-1.220445,0.017,0.055,4.0,0.554,0.0,0.058,0.058,0.0,0.0,0.0,4.0,21.536,21.531,0.032,0.035,0.3,4.0,20.027,20.023,0.012,0.028,1.6,4.0,19.152,19.161,0.01,0.022,1.2,4.0,18.668,18.666,0.02,0.022,0.3
308.5263977,-1.053972,0.022,0.031,11.0,0.499,0.0,0.052,0.052,0.0,0.0,0.0,9.0,22.483,22.461,0.045,0.123,0.7,10.0,20.912,20.919,0.014,0.046,0.9,10.0,19.922,19.91,0.01,0.027,0.9,10.0,19.261,19.272,0.019,0.067,1.1
308.5264893,-1.1651289,0.025,0.036,4.0,0.537,0.0,0.065,0.065,0.0,0.0,0.0,4.0,21.47,21.465,0.03,0.091,2.7,4.0,20.317,20.32,0.014,0.034,1.5,4.0,19.857,19.859,0.014,0.01,0.1,4.0,19.49,19.519,0.036,0.075,1.0
308.5328064,-1.1013632,0.032,0.036,4.0,0.514,0.0,0.05,0.05,0.0,0.0,0.0,4.0,21.712,21.708,0.037,0.109,2.1,4.0,20.226,20.218,0.013,0.02,0.7,4.0,19.345,19.351,0.011,0.014,0.5,4.0,18.799,18.8,0.021,0.039,0.6
308.536499,-1.127187,0.016,0.023,4.0,0.526,0.0,0.056,0.056,0.0,0.0,0.0,4.0,21.092,21.095,0.022,0.058,1.3,4.0,19.524,19.527,0.008,0.009,0.2,4.0,18.556,18.556,0.008,0.012,0.6,4.0,17.998,18.003,0.014,0.033,1.2
308.5378418,-1.0975579,0.024,0.035,4.0,0.509,0.0,0.049,0.049,0.0,0.0,0.0,4.0,21.255,21.274,0.025,0.05,0.9,4.0,20.12,20.125,0.012,0.013,0.3,4.0,19.669,19.674,0.013,0.038,1.3,4.0,19.335,19.313,0.031,0.061,0.9
308.5379639,-1.1003122,0.013,0.027,4.0,0.511,0.0,0.05,0.05,0.0,0.0,0.0,4.0,21.331,21.323,0.026,0.045,0.7,4.0,20.324,20.326,0.014,0.016,0.3,4.0,19.937,19.931,0.015,0.022,0.5,4.0,19.619,19.612,0.039,0.129,2.7
308.5387878,-1.224357,0.028,0.036,4.0,0.545,0.0,0.057,0.057,0.0,0.0,0.0,4.0,21.334,21.325,0.026,0.045,0.7,4.0,19.768,19.771,0.01,0.016,0.6,4.0,18.814,18.818,0.009,0.012,0.4,4.0,18.265,18.268,0.016,0.021,0.4
308.5393066,-1.1495507,0.017,0.026,4.0,0.531,0.0,0.058,0.058,0.0,0.0,0.0,4.0,21.171,21.17,0.023,0.02,0.2,4.0,19.726,19.728,0.01,0.011,0.3,4.0,19.154,19.159,0.01,0.031,1.6,4.0,18.765,18.769,0.021,0.064,1.8
308.5394897,-1.0819174,0.044,0.013,4.0,0.503,0.0,0.037,0.037,0.0,0.0,0.0,4.0,21.057,21.057,0.022,0.047,1.0,4.0,19.682,19.688,0.009,0.018,1.1,4.0,19.143,19.138,0.01,0.017,0.9,4.0,18.75,18.742,0.02,0.041,0.9
308.5400085,-1.179201,0.016,0.032,4.0,0.534,0.0,0.054,0.054,0.0,0.0,0.0,4.0,20.862,20.866,0.019,0.02,0.2,4.0,19.268,19.274,0.008,0.022,1.9,4.0,18.277,18.278,0.007,0.008,0.2,4.0,17.739,17.742,0.013,0.021,0.8
308.5401001,-1.04484,0.028,0.022,10.0,0.493,7.0,22.272,22.204,0.089,0.148,0.5,9.0,20.633,20.644,0.011,0.063,1.7,9.0,19.882,19.888,0.007,0.028,1.3,9.0,19.579,19.583,0.008,0.019,0.6,9.0,19.419,19.408,0.022,0.063,0.9
308.5418091,-1.08217,0.021,0.023,4.0,0.502,0.0,0.038,0.038,0.0,0.0,0.0,4.0,21.702,21.697,0.036,0.047,0.4,4.0,20.172,20.164,0.013,0.03,1.4,4.0,19.013,19.005,0.009,0.024,1.6,4.0,18.345,18.34,0.016,0.027,0.7
308.5437927,-1.1695507,0.031,0.056,4.0,0.532,0.0,0.066,0.066,0.0,0.0,0.0,4.0,21.979,21.965,0.045,0.065,0.5,4.0,20.312,20.309,0.014,0.035,1.7,4.0,19.128,19.123,0.01,0.009,0.2,4.0,18.425,18.419,0.017,0.026,0.5
308.5458069,-1.1903344,0.038,0.022,4.0,0.533,0.0,0.063,0.063,0.0,0.0,0.0,4.0,21.947,21.939,0.044,0.073,0.7,4.0,20.464,20.457,0.016,0.031,1.2,4.0,19.449,19.446,0.012,0.015,0.4,4.0,18.871,18.88,0.022,0.044,1.0
308.5482178,-1.1390829,0.011,0.042,4.0,0.525,0.0,0.057,0.057,0.0,0.0,0.0,4.0,21.399,21.398,0.028,0.05,0.7,4.0,20.031,20.029,0.011,0.012,0.3,4.0,19.464,19.462,0.011,0.011,0.2,4.0,19.146,19.123,0.027,0.104,3.2
308.5491028,-1.0850942,0.016,0.024,4.0,0.501,0.0,0.046,0.046,0.0,0.0,0.0,4.0,20.906,20.895,0.019,0.038,0.9,4.0,19.525,19.535,0.008,0.023,2.2,4.0,18.919,18.917,0.009,0.008,0.2,4.0,18.539,18.533,0.018,0.019,0.3
308.5491028,-1.215731,0.019,0.022,4.0,0.535,0.0,0.057,0.057,0.0,0.0,0.0,4.0,21.318,21.303,0.026,0.088,2.6,4.0,20.361,20.364,0.015,0.021,0.5,4.0,19.974,19.964,0.016,0.028,0.8,4.0,19.797,19.794,0.046,0.033,0.1
308.5492554,-1.1269102,0.026,0.027,4.0,0.521,0.0,0.056,0.056,0.0,0.0,0.0,4.0,21.148,21.145,0.023,0.032,0.5,4.0,19.92,19.918,0.011,0.022,0.9,4.0,19.432,19.431,0.011,0.015,0.4,4.0,19.147,19.121,0.027,0.069,1.6
308.5498047,-1.1807272,0.021,0.018,4.0,0.531,0.0,0.055,0.055,0.0,0.0,0.0,4.0,21.703,21.71,0.036,0.059,0.6,4.0,20.248,20.244,0.013,0.032,1.5,4.0,19.47,19.473,0.012,0.018,0.6,4.0,19.016,19.017,0.025,0.047,0.7
308.5499878,-1.1297698,0.035,0.028,4.0,0.522,4.0,22.414,22.127,0.117,0.432,4.0,4.0,20.88,20.88,0.019,0.03,0.6,4.0,20.224,20.214,0.013,0.038,1.8,4.0,19.907,19.894,0.015,0.038,1.7,4.0,19.645,19.639,0.039,0.015,0.0
308.5516968,-1.2360902,0.015,0.029,4.0,0.537,0.0,0.055,0.055,0.0,0.0,0.0,4.0,21.236,21.226,0.024,0.06,1.7,4.0,19.716,19.714,0.009,0.013,0.4,4.0,18.963,18.959,0.009,0.019,1.0,4.0,18.564,18.554,0.018,0.041,1.3
308.5523071,-1.225616,0.006,0.018,4.0,0.534,0.0,0.064,0.064,0.0,0.0,0.0,4.0,20.963,20.968,0.02,0.041,0.8,4.0,19.441,19.434,0.008,0.019,1.4,4.0,18.411,18.408,0.008,0.01,0.4,4.0,17.816,17.819,0.013,0.015,0.3
308.5527954,-1.1200989,0.01,0.033,4.0,0.517,0.0,0.056,0.056,0.0,0.0,0.0,4.0,21.345,21.362,0.027,0.055,1.0,4.0,19.78,19.796,0.01,0.026,2.0,4.0,18.972,18.971,0.009,0.027,2.1,4.0,18.482,18.477,0.017,0.025,0.5
308.5557861,-1.1127189,0.013,0.026,4.0,0.512,0.0,0.049,0.049,0.0,0.0,0.0,4.0,21.509,21.501,0.031,0.069,1.0,4.0,20.079,20.072,0.012,0.036,2.0,4.0,18.911,18.918,0.009,0.023,1.4,4.0,18.284,18.284,0.016,0.031,0.8
308.5660095,-1.2474949,0.012,0.021,4.0,0.527,0.0,0.041,0.041,0.0,0.0,0.0,4.0,21.294,21.271,0.025,0.075,2.4,4.0,19.922,19.924,0.011,0.018,0.7,4.0,19.346,19.35,0.011,0.015,0.5,4.0,18.992,18.984,0.024,0.037,0.5
308.5703125,-1.240995,0.031,0.02,4.0,0.524,4.0,22.012,21.999,0.1,0.169,0.8,4.0,20.901,20.88,0.019,0.037,1.1,4.0,20.295,20.306,0.014,0.035,1.6,4.0,20.041,20.034,0.017,0.02,0.4,4.0,19.954,19.887,0.052,0.143,1.9
308.5740051,-1.153875,0.011,0.03,4.0,0.521,0.0,0.057,0.057,0.0,0.0,0.0,4.0,21.018,21.0,0.021,0.051,1.5,4.0,19.522,19.521,0.008,0.022,1.7,4.0,18.837,18.822,0.009,0.024,2.5,4.0,18.429,18.432,0.017,0.06,2.6
308.5769958,-1.1743132,0.043,0.007,4.0,0.523,4.0,22.333,22.341,0.137,0.097,0.1,4.0,20.981,20.988,0.02,0.057,1.4,4.0,20.415,20.407,0.015,0.024,0.5,4.0,20.159,20.137,0.018,0.056,2.4,4.0,19.948,19.922,0.05,0.079,0.8
308.5809631,-1.1827842,0.026,0.029,4.0,0.521,0.0,0.055,0.055,0.0,0.0,0.0,4.0,21.364,21.332,0.029,0.072,1.5,4.0,19.748,19.745,0.009,0.022,1.3,4.0,18.941,18.936,0.009,0.026,2.3,4.0,18.499,18.504,0.018,0.048,1.4
308.5800476,-1.1369542,0.039,0.019,4.0,0.516,2.0,22.69,22.688,0.227,0.051,0.0,4.0,21.178,21.185,0.024,0.078,2.4,4.0,20.51,20.504,0.017,0.032,0.9,4.0,20.147,20.141,0.018,0.025,0.4,4.0,19.927,19.913,0.05,0.057,0.3
308.5822144,-1.2268052,0.03,0.02,4.0,0.518,0.0,0.065,0.065,0.0,0.0,0.0,4.0,21.611,21.605,0.033,0.023,0.1,4.0,20.272,20.256,0.013,0.044,3.0,4.0,19.755,19.759,0.014,0.01,0.1,4.0,19.422,19.444,0.035,0.07,1.0
308.585083,-1.234236,0.031,0.022,4.0,0.516,0.0,0.065,0.065,0.0,0.0,0.0,4.0,21.847,21.797,0.039,0.106,2.0,4.0,20.425,20.427,0.015,0.02,0.4,4.0,19.782,19.778,0.014,0.028,0.8,4.0,19.419,19.434,0.034,0.04,0.3
308.5858459,-1.1754842,0.018,0.055,4.0,0.52,4.0,22.083,22.068,0.111,0.185,0.6,4.0,20.865,20.852,0.018,0.058,2.8,4.0,20.146,20.151,0.012,0.036,2.1,4.0,19.797,19.801,0.014,0.038,2.0,4.0,19.637,19.588,0.038,0.119,2.4
308.5883484,-1.089017,0.02,0.012,4.0,0.493,0.0,0.047,0.047,0.0,0.0,0.0,4.0,21.575,21.585,0.035,0.017,0.1,4.0,20.323,20.329,0.014,0.025,0.8,4.0,19.733,19.722,0.013,0.031,1.3,4.0,19.396,19.358,0.032,0.097,2.0
308.5920105,-1.045967,0.058,0.035,12.0,0.477,0.0,0.051,0.051,0.0,0.0,0.0,11.0,21.857,21.857,0.026,0.044,0.3,11.0,20.288,20.277,0.009,0.03,0.7,11.0,19.067,19.069,0.006,0.031,2.7,11.0,18.385,18.378,0.01,0.03,0.8
308.5952148,-1.0977042,0.024,0.02,4.0,0.495,0.0,0.05,0.05,0.0,0.0,0.0,4.0,21.453,21.453,0.03,0.034,0.3,4.0,20.091,20.1,0.012,0.033,2.0,4.0,19.537,19.545,0.012,0.02,0.7,4.0,19.226,19.229,0.029,0.052,0.9
308.5986023,-1.2237343,0.03,0.015,4.0,0.509,0.0,0.057,0.057,0.0,0.0,0.0,4.0,21.228,21.213,0.024,0.052,1.1,4.0,19.714,19.711,0.009,0.018,0.8,4.0,18.944,18.948,0.009,0.018,0.8,4.0,18.535,18.533,0.018,0.029,0.6
308.6053162,-1.2442499,0.018,0.015,4.0,0.501,0.0,0.055,0.055,0.0,0.0,0.0,4.0,21.403,21.374,0.028,0.07,2.0,4.0,20.212,20.207,0.013,0.033,1.6,4.0,19.674,19.66,0.013,0.021,0.8,4.0,19.388,19.392,0.033,0.025,0.1
308.6072083,-1.0486689,0.03,0.053,12.0,0.473,10.0,22.046,21.955,0.065,0.263,1.4,11.0,20.689,20.678,0.01,0.045,1.9,11.0,20.035,20.031,0.007,0.026,1.2,11.0,19.753,19.75,0.008,0.043,2.2,11.0,19.537,19.548,0.023,0.089,1.1
308.6090088,-1.2424359,0.046,0.02,4.0,0.499,0.0,0.055,0.055,0.0,0.0,0.0,4.0,21.467,21.462,0.03,0.014,0.1,4.0,20.152,20.149,0.012,0.027,1.1,4.0,19.644,19.635,0.013,0.02,0.7,4.0,19.351,19.35,0.033,0.039,0.3
308.6117554,-1.240158,0.035,0.012,4.0,0.498,0.0,0.056,0.056,0.0,0.0,0.0,4.0,21.688,21.695,0.036,0.098,1.5,4.0,20.251,20.251,0.013,0.021,0.5,4.0,19.568,19.56,0.012,0.028,1.3,4.0,19.16,19.127,0.027,0.072,1.8
308.5057068,-1.053172,0.022,0.036,11.0,0.509,0.0,0.052,0.052,0.0,0.0,0.0,9.0,22.334,22.288,0.039,0.121,1.2,10.0,20.729,20.713,0.012,0.061,2.8,10.0,19.56,19.56,0.008,0.042,2.8,10.0,18.931,18.93,0.015,0.062,1.7
308.5228882,-1.1233392,0.014,0.031,4.0,0.529,0.0,0.057,0.057,0.0,0.0,0.0,4.0,21.891,21.893,0.042,0.017,0.0,4.0,20.356,20.359,0.014,0.024,0.8,4.0,19.557,19.561,0.012,0.021,0.6,4.0,19.008,19.017,0.025,0.038,0.6
308.5422668,-1.1256559,0.049,0.032,4.0,0.523,0.0,0.057,0.057,0.0,0.0,0.0,4.0,22.031,22.018,0.048,0.141,2.1,4.0,20.448,20.463,0.015,0.057,2.2,4.0,18.995,18.995,0.009,0.015,0.6,4.0,18.197,18.195,0.015,0.013,0.2
308.5516052,-1.2289822,0.017,0.053,4.0,0.536,0.0,0.066,0.066,0.0,0.0,0.0,4.0,22.765,22.739,0.089,0.211,0.8,4.0,21.194,21.188,0.027,0.053,1.1,4.0,19.714,19.712,0.014,0.023,0.6,4.0,18.921,18.909,0.023,0.044,1.0
308.5527039,-1.2180252,0.033,0.046,4.0,0.532,0.0,0.059,0.059,0.0,0.0,0.0,4.0,22.596,22.591,0.075,0.084,0.3,4.0,21.082,21.09,0.025,0.042,0.6,4.0,19.605,19.6,0.013,0.016,0.4,4.0,18.822,18.837,0.022,0.033,0.6
308.5550842,-1.183706,0.019,0.05,4.0,0.53,0.0,0.056,0.056,0.0,0.0,0.0,4.0,22.034,22.035,0.047,0.026,0.1,4.0,20.441,20.432,0.015,0.038,1.3,4.0,19.153,19.151,0.01,0.012,0.3,4.0,18.444,18.441,0.017,0.028,0.6
308.555603,-1.089238,0.022,0.027,4.0,0.501,0.0,0.047,0.047,0.0,0.0,0.0,4.0,22.076,22.051,0.049,0.124,1.3,4.0,20.544,20.542,0.016,0.04,1.8,4.0,19.296,19.295,0.011,0.022,0.9,4.0,18.625,18.614,0.019,0.025,0.5
308.5577393,-1.139148,0.029,0.025,4.0,0.522,0.0,0.058,0.058,0.0,0.0,0.0,4.0,22.103,22.075,0.05,0.083,0.7,4.0,20.5,20.504,0.016,0.022,0.5,4.0,19.528,19.53,0.012,0.017,0.4,4.0,18.955,18.956,0.024,0.028,0.4
308.5652161,-1.177452,0.039,0.077,4.0,0.526,0.0,0.057,0.057,0.0,0.0,0.0,4.0,22.716,22.715,0.086,0.092,0.3,4.0,21.2,21.185,0.027,0.035,0.4,4.0,19.659,19.661,0.013,0.014,0.4,4.0,18.835,18.853,0.022,0.049,1.3
308.5653076,-1.1186689,0.036,0.036,4.0,0.513,0.0,0.058,0.058,0.0,0.0,0.0,4.0,22.532,22.534,0.074,0.057,0.1,4.0,20.906,20.904,0.021,0.051,1.1,4.0,19.725,19.726,0.013,0.019,0.5,4.0,19.08,19.043,0.025,0.07,2.1
308.5669861,-1.0484518,0.052,0.032,12.0,0.483,0.0,0.051,0.051,0.0,0.0,0.0,10.0,22.093,22.036,0.03,0.12,1.9,11.0,20.569,20.564,0.011,0.037,1.1,11.0,19.49,19.503,0.007,0.035,2.4,11.0,18.915,18.917,0.014,0.044,0.8
308.567749,-1.160848,0.073,0.036,4.0,0.525,0.0,0.066,0.066,0.0,0.0,0.0,4.0,22.321,22.265,0.059,0.184,2.2,4.0,20.752,20.743,0.019,0.036,1.0,4.0,19.323,19.331,0.011,0.026,1.5,4.0,18.593,18.586,0.019,0.05,1.6
308.5783081,-1.149927,0.016,0.022,4.0,0.519,0.0,0.059,0.059,0.0,0.0,0.0,4.0,22.447,22.428,0.067,0.09,0.4,4.0,20.865,20.857,0.021,0.057,1.9,4.0,19.617,19.617,0.013,0.012,0.2,4.0,18.986,18.989,0.024,0.02,0.2
308.5804443,-1.177586,0.017,0.03,4.0,0.522,0.0,0.056,0.056,0.0,0.0,0.0,4.0,22.042,22.041,0.048,0.114,0.9,4.0,20.563,20.566,0.016,0.011,0.1,4.0,19.702,19.701,0.013,0.031,1.6,4.0,19.232,19.242,0.029,0.07,0.9
308.5832825,-1.0514089,0.059,0.052,12.0,0.48,0.0,0.052,0.052,0.0,0.0,0.0,10.0,22.589,22.584,0.048,0.115,0.5,11.0,20.964,20.94,0.014,0.073,1.8,11.0,19.202,19.211,0.006,0.036,2.9,11.0,18.255,18.256,0.009,0.039,1.8
308.5840454,-1.145522,0.054,0.018,4.0,0.517,0.0,0.06,0.06,0.0,0.0,0.0,4.0,22.548,22.495,0.072,0.1,0.5,4.0,20.787,20.787,0.019,0.042,0.9,4.0,19.688,19.682,0.013,0.037,2.0,4.0,19.077,19.063,0.025,0.031,0.4
308.5997009,-1.194621,0.033,0.016,4.0,0.512,0.0,0.064,0.064,0.0,0.0,0.0,4.0,22.174,22.083,0.051,0.156,2.5,4.0,20.585,20.581,0.017,0.042,1.4,4.0,19.521,19.521,0.012,0.032,1.7,4.0,18.938,18.928,0.023,0.052,1.4
308.6074829,-1.141008,0.053,0.025,4.0,0.508,0.0,0.059,0.059,0.0,0.0,0.0,4.0,22.836,22.836,0.097,0.06,0.1,4.0,21.161,21.16,0.026,0.046,0.8,4.0,19.72,19.725,0.013,0.027,0.7,4.0,18.991,18.994,0.024,0.038,0.5
308.5553894,-1.2543452,0.025,0.038,4.0,0.538,3.0,22.048,21.942,0.11,0.172,0.9,4.0,20.946,20.929,0.019,0.039,1.1,4.0,20.416,20.423,0.016,0.04,1.5,4.0,20.155,20.146,0.018,0.017,0.2,4.0,20.118,20.062,0.058,0.101,0.8
308.596405,-1.0637929,0.026,0.032,4.0,0.482,4.0,21.777,21.761,0.084,0.155,0.5,4.0,20.952,20.938,0.02,0.062,2.4,4.0,20.35,20.347,0.014,0.019,0.5,4.0,20.189,20.176,0.018,0.051,2.3,4.0,20.033,19.99,0.053,0.108,0.9
308.6002197,-1.133123,0.064,0.048,4.0,0.509,0.0,0.058,0.058,0.0,0.0,0.0,4.0,22.165,22.107,0.06,0.274,2.9,4.0,20.646,20.649,0.019,0.054,2.0,4.0,19.975,19.981,0.016,0.043,1.7,4.0,19.593,19.615,0.04,0.113,1.8
308.6113586,-1.250703,0.049,0.025,4.0,0.495,3.0,22.107,22.011,0.122,0.119,0.4,4.0,21.004,20.986,0.021,0.074,3.0,4.0,20.338,20.34,0.014,0.025,0.6,4.0,20.047,20.047,0.017,0.039,1.4,4.0,19.791,19.793,0.046,0.04,0.2
308.5047913,-1.149815,0.027,0.043,4.0,0.547,0.0,0.058,0.058,0.0,0.0,0.0,4.0,21.489,21.478,0.03,0.053,0.7,4.0,20.715,20.698,0.018,0.063,2.5,4.0,20.344,20.35,0.02,0.024,0.3,4.0,20.106,20.102,0.058,0.062,0.2
308.5123596,-1.2054009,0.022,0.035,4.0,0.56,0.0,0.06,0.06,0.0,0.0,0.0,4.0,22.091,22.098,0.05,0.048,0.3,4.0,20.719,20.73,0.019,0.028,0.5,4.0,20.178,20.191,0.018,0.035,0.8,4.0,19.777,19.774,0.045,0.112,1.5
308.5180054,-1.203658,0.048,0.033,4.0,0.555,0.0,0.071,0.071,0.0,0.0,0.0,4.0,22.858,22.815,0.093,0.201,0.8,4.0,21.369,21.359,0.032,0.07,1.0,4.0,19.928,19.923,0.015,0.021,0.5,4.0,19.102,19.095,0.026,0.026,0.2
308.5194092,-1.2094949,0.027,0.054,4.0,0.556,0.0,0.06,0.06,0.0,0.0,0.0,4.0,22.256,22.258,0.057,0.104,0.5,4.0,20.863,20.872,0.021,0.07,2.6,4.0,20.132,20.132,0.018,0.019,0.2,4.0,19.679,19.694,0.042,0.079,0.8
308.5223999,-1.254862,0.046,0.024,4.0,0.573,0.0,0.042,0.042,0.0,0.0,0.0,4.0,22.128,22.088,0.05,0.144,2.0,4.0,20.649,20.65,0.018,0.046,1.7,4.0,20.02,20.004,0.016,0.036,1.4,4.0,19.591,19.595,0.039,0.027,0.1
308.5245667,-1.253764,0.023,0.03,4.0,0.569,0.0,0.042,0.042,0.0,0.0,0.0,4.0,22.28,22.249,0.057,0.09,0.7,4.0,20.807,20.814,0.02,0.023,0.4,4.0,20.082,20.061,0.017,0.045,2.0,4.0,19.689,19.693,0.042,0.057,0.3
308.530304,-1.056271,0.068,0.037,4.0,0.497,0.0,0.066,0.066,0.0,0.0,0.0,4.0,22.795,22.784,0.092,0.109,0.3,4.0,21.42,21.404,0.032,0.037,0.3,4.0,19.917,19.916,0.015,0.013,0.2,4.0,19.116,19.107,0.026,0.051,1.1
308.531311,-1.2109542,0.006,0.03,4.0,0.547,0.0,0.059,0.059,0.0,0.0,0.0,4.0,21.351,21.36,0.027,0.1,2.2,4.0,20.474,20.469,0.016,0.031,0.7,4.0,20.062,20.064,0.017,0.03,0.8,4.0,19.842,19.821,0.047,0.069,0.5
308.5325012,-1.22563,0.023,0.038,4.0,0.551,0.0,0.066,0.066,0.0,0.0,0.0,4.0,22.52,22.465,0.069,0.14,1.0,4.0,21.179,21.157,0.027,0.062,1.2,4.0,20.188,20.17,0.018,0.04,1.3,4.0,19.525,19.523,0.037,0.074,0.8
308.5328064,-1.14732,0.044,0.028,4.0,0.532,0.0,0.059,0.059,0.0,0.0,0.0,4.0,21.906,21.925,0.043,0.106,1.5,4.0,20.885,20.883,0.021,0.068,2.2,4.0,20.395,20.398,0.021,0.043,1.1,4.0,19.945,19.962,0.052,0.176,1.2
308.5350037,-1.234908,0.013,0.036,4.0,0.552,0.0,0.066,0.066,0.0,0.0,0.0,4.0,22.535,22.523,0.072,0.137,0.7,4.0,21.017,21.008,0.024,0.029,0.3,4.0,20.135,20.134,0.018,0.01,0.1,4.0,19.591,19.559,0.038,0.18,3.8
308.5358887,-1.137116,0.023,0.067,4.0,0.529,0.0,0.059,0.059,0.0,0.0,0.0,4.0,22.492,22.458,0.069,0.084,0.3,4.0,20.911,20.909,0.022,0.009,0.0,4.0,19.916,19.9,0.015,0.028,1.0,4.0,19.222,19.238,0.029,0.076,1.6
308.5412598,-1.2591779,0.032,0.019,4.0,0.553,0.0,0.053,0.053,0.0,0.0,0.0,4.0,21.771,21.764,0.037,0.031,0.2,4.0,20.542,20.54,0.017,0.035,1.2,4.0,20.032,20.032,0.017,0.044,1.8,4.0,19.702,19.683,0.042,0.152,2.1
308.5411072,-1.2139052,0.042,0.058,4.0,0.54,0.0,0.061,0.061,0.0,0.0,0.0,4.0,22.675,22.682,0.083,0.051,0.1,4.0,21.078,21.08,0.025,0.055,1.0,4.0,19.87,19.858,0.015,0.041,1.7,4.0,19.22,19.246,0.029,0.074,1.5
308.5453186,-1.2020659,0.031,0.046,4.0,0.534,0.0,0.071,0.071,0.0,0.0,0.0,4.0,22.959,22.934,0.105,0.12,0.3,4.0,21.293,21.287,0.03,0.021,0.2,4.0,19.829,19.836,0.014,0.02,0.5,4.0,19.028,19.035,0.025,0.02,0.2
308.5639648,-1.0540568,0.042,0.023,6.0,0.484,3.0,22.229,22.209,0.132,0.043,0.0,6.0,21.414,21.418,0.022,0.076,1.9,6.0,20.94,20.949,0.018,0.068,2.4,6.0,20.785,20.799,0.023,0.048,0.6,6.0,20.593,20.619,0.075,0.174,0.6
308.5717163,-1.202449,0.021,0.026,4.0,0.525,0.0,0.069,0.069,0.0,0.0,0.0,4.0,21.76,21.782,0.039,0.164,2.4,4.0,20.386,20.384,0.015,0.022,0.6,4.0,19.782,19.787,0.015,0.028,0.9,4.0,19.375,19.355,0.032,0.041,0.5
308.576416,-1.1443499,0.025,0.014,4.0,0.519,3.0,22.405,22.356,0.166,0.196,0.4,4.0,21.345,21.348,0.027,0.056,0.8,4.0,20.632,20.643,0.018,0.04,1.1,4.0,20.279,20.265,0.019,0.043,1.2,4.0,20.169,20.105,0.059,0.105,0.9
308.581604,-1.202111,0.028,0.034,4.0,0.521,4.0,22.51,22.506,0.145,0.154,0.3,4.0,21.172,21.173,0.023,0.078,2.4,4.0,20.477,20.488,0.016,0.037,1.4,4.0,20.177,20.179,0.018,0.018,0.2,4.0,20.115,20.104,0.059,0.106,0.8
308.5813904,-1.204138,0.027,0.032,4.0,0.521,3.0,22.416,22.47,0.141,0.191,0.5,4.0,21.165,21.166,0.023,0.077,2.1,4.0,20.507,20.511,0.016,0.047,2.4,4.0,20.201,20.189,0.019,0.037,1.0,4.0,20.097,20.099,0.059,0.113,0.8
308.5818481,-1.2061292,0.03,0.003,4.0,0.521,0.0,0.06,0.06,0.0,0.0,0.0,4.0,21.93,21.927,0.044,0.114,1.6,4.0,20.462,20.461,0.015,0.038,1.5,4.0,19.772,19.77,0.014,0.022,0.5,4.0,19.404,19.419,0.034,0.045,0.4
308.5866089,-1.2000402,0.034,0.014,4.0,0.519,0.0,0.07,0.07,0.0,0.0,0.0,4.0,22.079,22.078,0.049,0.026,0.1,4.0,20.438,20.437,0.015,0.017,0.3,4.0,19.698,19.687,0.013,0.029,1.2,4.0,19.261,19.242,0.029,0.051,0.7
308.5879517,-1.2122742,0.064,0.028,4.0,0.517,0.0,0.061,0.061,0.0,0.0,0.0,4.0,22.619,22.61,0.079,0.104,0.3,4.0,21.241,21.236,0.028,0.04,0.4,4.0,19.826,19.824,0.015,0.027,0.7,4.0,19.089,19.083,0.026,0.039,0.5
308.5924072,-1.215676,0.063,0.038,4.0,0.514,0.0,0.06,0.06,0.0,0.0,0.0,4.0,22.922,22.94,0.106,0.133,0.3,4.0,21.359,21.363,0.031,0.062,1.0,4.0,20.077,20.102,0.018,0.044,1.7,4.0,19.418,19.402,0.034,0.097,1.8
308.5957947,-1.1533152,0.038,0.019,4.0,0.516,0.0,0.059,0.059,0.0,0.0,0.0,4.0,22.081,22.072,0.051,0.178,2.9,4.0,20.713,20.72,0.018,0.038,0.9,4.0,20.055,20.036,0.017,0.042,1.7,4.0,19.747,19.753,0.044,0.048,0.3
308.6048889,-1.1965982,0.037,0.078,4.0,0.509,0.0,0.071,0.071,0.0,0.0,0.0,4.0,22.676,22.652,0.082,0.08,0.2,4.0,21.157,21.133,0.026,0.059,1.6,4.0,19.929,19.917,0.015,0.034,1.2,4.0,19.286,19.276,0.03,0.059,1.0
308.5317993,-1.153043,0.024,0.041,4.0,0.534,0.0,0.06,0.06,0.0,0.0,0.0,4.0,23.083,23.04,0.113,0.117,0.3,4.0,21.449,21.454,0.034,0.068,0.7,4.0,20.046,20.047,0.016,0.006,0.0,4.0,19.336,19.328,0.031,0.022,0.2
308.5787964,-1.1067772,0.05,0.074,4.0,0.504,0.0,0.051,0.051,0.0,0.0,0.0,4.0,23.24,23.209,0.136,0.208,0.6,4.0,21.468,21.469,0.034,0.06,0.7,4.0,20.391,20.4,0.02,0.038,0.8,4.0,19.726,19.706,0.042,0.1,1.0
308.7010193,-1.100803,0.013,0.012,4.0,0.43,4.0,18.385,18.384,0.011,0.007,0.1,4.0,16.941,16.945,0.004,0.014,2.0,4.0,16.364,16.363,0.004,0.009,0.9,4.0,16.11,16.112,0.007,0.009,0.5,4.0,15.959,15.96,0.011,0.016,0.5
308.7041016,-1.0835,0.032,0.016,4.0,0.424,0.0,0.038,0.038,0.0,0.0,0.0,4.0,21.876,21.878,0.043,0.04,0.2,4.0,20.379,20.377,0.014,0.025,0.6,4.0,19.705,19.695,0.013,0.024,1.0,4.0,19.215,19.219,0.029,0.124,4.0
308.7054138,-1.2312192,0.016,0.019,4.0,0.423,4.0,20.099,20.113,0.023,0.062,1.6,4.0,18.95,18.951,0.007,0.008,0.3,4.0,18.489,18.492,0.005,0.017,2.2,4.0,18.311,18.31,0.007,0.028,2.9,4.0,18.173,18.176,0.015,0.022,0.5
308.7048035,-1.225726,0.018,0.018,4.0,0.424,4.0,19.041,19.037,0.014,0.038,1.9,4.0,17.739,17.739,0.01,0.013,0.4,4.0,17.225,17.231,0.011,0.014,0.5,4.0,17.043,17.048,0.014,0.013,0.2,4.0,16.907,16.911,0.013,0.016,0.4
308.7038879,-1.2262062,0.061,0.015,4.0,0.425,4.0,20.178,20.153,0.029,0.072,1.4,4.0,18.551,18.575,0.015,0.042,0.4,4.0,17.794,17.796,0.01,0.028,0.4,4.0,17.532,17.524,0.023,0.037,0.4,4.0,17.32,17.339,0.015,0.021,0.3
308.7265015,-1.1914444,0.034,0.012,4.0,0.407,2.0,22.353,22.351,0.181,0.041,0.0,4.0,21.093,21.097,0.025,0.104,1.8,4.0,20.425,20.43,0.016,0.028,0.5,4.0,20.198,20.186,0.019,0.062,1.9,4.0,20.0,19.976,0.054,0.147,1.6
308.7320557,-1.2418272,0.022,0.018,4.0,0.404,4.0,17.446,17.44,0.009,0.028,2.4,4.0,15.957,15.961,0.003,0.013,1.1,4.0,15.361,15.361,0.004,0.012,2.1,4.0,15.155,15.154,0.005,0.016,1.2,4.0,15.031,15.027,0.009,0.014,0.7
308.7360535,-1.248111,0.01,0.025,4.0,0.403,4.0,16.81,16.804,0.009,0.019,1.2,4.0,15.585,15.591,0.003,0.014,1.3,4.0,15.163,15.166,0.004,0.011,1.6,4.0,15.035,15.034,0.007,0.015,0.7,4.0,14.967,14.967,0.009,0.007,0.1
308.7433167,-1.217108,0.006,0.006,4.0,0.397,0.0,0.057,0.057,0.0,0.0,0.0,4.0,20.849,20.843,0.019,0.035,0.7,4.0,19.375,19.381,0.008,0.014,0.8,4.0,18.451,18.45,0.008,0.012,0.6,4.0,17.918,17.914,0.013,0.021,0.6
308.7442627,-1.102515,0.013,0.009,4.0,0.396,0.0,0.049,0.049,0.0,0.0,0.0,4.0,21.166,21.178,0.023,0.047,1.0,4.0,19.998,20.007,0.011,0.034,2.4,4.0,19.473,19.476,0.012,0.028,1.4,4.0,19.165,19.169,0.028,0.032,0.4
308.740509,-1.24061,0.016,0.022,4.0,0.4,4.0,18.018,18.015,0.01,0.014,0.5,4.0,16.732,16.731,0.003,0.013,0.9,4.0,16.23,16.23,0.004,0.014,2.9,4.0,16.053,16.048,0.005,0.015,0.9,4.0,15.961,15.96,0.009,0.006,0.1
308.7461548,-1.196551,0.013,0.02,4.0,0.395,4.0,19.516,19.512,0.018,0.033,0.8,4.0,18.27,18.269,0.013,0.015,0.1,4.0,17.742,17.769,0.01,0.02,0.3,4.0,17.554,17.557,0.02,0.025,0.1,4.0,17.428,17.42,0.015,0.009,0.1
308.7574463,-1.219915,0.011,0.017,4.0,0.39,4.0,21.389,21.377,0.062,0.062,0.2,4.0,20.047,20.051,0.013,0.038,1.8,4.0,19.451,19.456,0.008,0.027,2.4,4.0,19.192,19.182,0.01,0.03,1.7,4.0,19.077,19.085,0.026,0.034,0.4
308.7576904,-1.132723,0.022,0.105,4.0,0.385,0.0,0.059,0.059,0.0,0.0,0.0,4.0,22.871,22.827,0.1,0.146,0.6,4.0,21.405,21.421,0.031,0.054,0.8,4.0,19.911,19.905,0.015,0.04,1.6,4.0,19.119,19.087,0.026,0.054,1.2
308.620697,-1.0813313,0.02,0.021,4.0,0.482,4.0,21.032,20.996,0.047,0.156,2.4,4.0,19.033,19.036,0.014,0.038,1.7,4.0,18.177,18.191,0.019,0.054,1.9,4.0,17.91,17.886,0.025,0.077,2.0,4.0,17.672,17.642,0.024,0.038,0.8
308.6236877,-1.10065,0.02,0.016,4.0,0.489,3.0,22.083,22.119,0.129,0.318,1.3,4.0,20.991,20.997,0.022,0.076,2.2,4.0,20.323,20.322,0.014,0.017,0.4,4.0,20.094,20.091,0.016,0.044,2.2,4.0,19.914,19.911,0.05,0.093,0.5
308.6271667,-1.224287,0.024,0.032,4.0,0.49,4.0,21.65,21.638,0.073,0.138,0.9,4.0,20.44,20.449,0.014,0.048,2.1,4.0,19.857,19.866,0.01,0.04,3.0,4.0,19.602,19.612,0.013,0.031,1.6,4.0,19.48,19.479,0.035,0.048,0.4
308.637207,-1.091568,0.046,0.047,4.0,0.477,0.0,0.049,0.049,0.0,0.0,0.0,4.0,22.89,22.784,0.096,0.223,1.3,4.0,21.253,21.26,0.028,0.069,1.5,4.0,20.335,20.329,0.02,0.037,0.7,4.0,19.705,19.728,0.044,0.107,1.3
308.6397095,-1.2319043,0.022,0.025,4.0,0.479,0.0,0.065,0.065,0.0,0.0,0.0,4.0,22.116,22.119,0.052,0.042,0.2,4.0,20.771,20.762,0.019,0.071,2.6,4.0,20.131,20.153,0.018,0.065,2.9,4.0,19.773,19.733,0.044,0.186,2.8
308.6437988,-1.068538,0.033,0.032,4.0,0.466,0.0,0.056,0.056,0.0,0.0,0.0,4.0,21.852,21.821,0.041,0.09,1.4,4.0,20.474,20.459,0.015,0.051,2.8,4.0,19.877,19.884,0.014,0.029,0.7,4.0,19.468,19.47,0.035,0.056,0.6
308.6534424,-1.2425029,0.011,0.042,4.0,0.466,4.0,21.588,21.597,0.066,0.067,0.2,4.0,19.461,19.457,0.011,0.073,2.3,4.0,18.565,18.562,0.007,0.061,1.9,4.0,18.258,18.248,0.008,0.019,1.8,4.0,18.006,18.014,0.015,0.053,3.5
308.6896057,-1.0838902,0.007,0.003,4.0,0.436,4.0,21.647,21.537,0.073,0.358,3.5,4.0,20.32,20.327,0.014,0.033,1.3,4.0,19.724,19.723,0.009,0.021,1.2,4.0,19.465,19.479,0.012,0.03,2.0,4.0,19.256,19.248,0.029,0.09,1.9
308.6917114,-1.0879252,0.01,0.01,4.0,0.435,4.0,19.937,19.931,0.021,0.035,0.7,4.0,18.27,18.266,0.005,0.015,1.7,4.0,17.518,17.52,0.004,0.015,2.7,4.0,17.207,17.196,0.006,0.015,2.3,4.0,17.015,17.017,0.01,0.011,0.3
308.6957092,-1.089088,0.011,0.01,4.0,0.432,4.0,21.786,21.647,0.078,0.266,3.4,4.0,20.172,20.175,0.012,0.006,0.1,4.0,19.453,19.455,0.008,0.019,1.3,4.0,19.156,19.153,0.01,0.022,1.7,4.0,18.931,18.927,0.023,0.043,0.7
308.6979675,-1.111581,0.022,0.009,4.0,0.433,4.0,21.374,21.398,0.062,0.266,1.9,4.0,20.144,20.145,0.012,0.022,0.9,4.0,19.64,19.636,0.009,0.021,1.3,4.0,19.437,19.44,0.011,0.007,0.1,4.0,19.269,19.256,0.03,0.05,0.7
308.6983032,-1.123891,0.019,0.011,4.0,0.433,2.0,22.221,22.184,0.163,0.178,0.6,4.0,20.263,20.268,0.013,0.032,1.6,4.0,19.39,19.39,0.008,0.017,1.2,4.0,19.041,19.054,0.009,0.026,2.4,4.0,18.782,18.799,0.021,0.052,1.4
308.6987,-1.194875,0.003,0.013,4.0,0.429,4.0,21.156,21.168,0.051,0.161,2.1,4.0,19.729,19.732,0.009,0.028,2.4,4.0,19.082,19.083,0.007,0.019,1.8,4.0,18.868,18.858,0.009,0.025,2.5,4.0,18.658,18.657,0.019,0.029,0.5
308.7001038,-1.234206,0.025,0.025,4.0,0.428,0.0,0.063,0.063,0.0,0.0,0.0,4.0,20.264,20.259,0.013,0.013,0.2,4.0,19.034,19.037,0.007,0.024,1.9,4.0,18.568,18.563,0.009,0.02,1.2,4.0,18.274,18.268,0.016,0.019,0.4
308.7018127,-1.110797,0.024,0.021,4.0,0.431,4.0,21.413,21.4,0.063,0.072,0.3,4.0,20.47,20.476,0.015,0.03,1.1,4.0,20.049,20.044,0.011,0.024,1.0,4.0,19.856,19.852,0.014,0.037,1.1,4.0,19.814,19.795,0.046,0.073,0.5
308.7026672,-1.095857,0.007,0.011,4.0,0.427,4.0,21.061,21.085,0.048,0.14,1.9,4.0,19.802,19.797,0.01,0.024,1.4,4.0,19.22,19.222,0.007,0.006,0.2,4.0,18.962,18.963,0.009,0.012,0.5,4.0,18.82,18.82,0.022,0.05,1.5
308.7046509,-1.1122272,0.017,0.01,4.0,0.429,4.0,20.057,20.062,0.022,0.029,0.4,4.0,18.707,18.709,0.006,0.009,0.4,4.0,18.166,18.167,0.005,0.012,1.4,4.0,17.94,17.946,0.007,0.007,0.4,4.0,17.791,17.792,0.013,0.017,0.4
308.7058105,-1.094203,0.015,0.009,4.0,0.424,0.0,0.045,0.045,0.0,0.0,0.0,4.0,20.195,20.19,0.012,0.015,0.4,4.0,19.076,19.074,0.007,0.02,2.5,4.0,18.645,18.642,0.008,0.007,0.3,4.0,18.36,18.356,0.016,0.016,0.2
308.7067566,-1.138957,0.003,0.011,4.0,0.424,4.0,20.08,20.073,0.023,0.056,1.4,4.0,19.044,19.043,0.007,0.016,1.3,4.0,18.627,18.623,0.006,0.018,2.4,4.0,18.439,18.458,0.007,0.025,2.9,4.0,18.341,18.341,0.016,0.036,1.2
308.7072144,-1.1801252,0.017,0.026,4.0,0.421,4.0,22.146,22.089,0.112,0.208,0.9,4.0,20.733,20.741,0.017,0.039,1.0,4.0,20.064,20.069,0.011,0.025,1.1,4.0,19.78,19.784,0.014,0.051,2.5,4.0,19.608,19.599,0.038,0.074,0.8
308.7052612,-1.056178,0.007,0.021,4.0,0.425,0.0,0.065,0.065,0.0,0.0,0.0,4.0,22.128,22.117,0.053,0.087,0.5,4.0,20.743,20.743,0.018,0.034,0.7,4.0,20.063,20.051,0.017,0.046,1.9,4.0,19.665,19.66,0.041,0.042,0.3
308.7108154,-1.0761292,0.014,0.02,4.0,0.419,4.0,21.649,21.631,0.076,0.237,1.9,4.0,20.542,20.538,0.015,0.014,0.2,4.0,20.056,20.046,0.011,0.023,1.2,4.0,19.827,19.825,0.014,0.033,1.4,4.0,19.638,19.613,0.039,0.101,1.4
308.7159119,-1.2141172,0.034,0.025,4.0,0.414,4.0,21.522,21.537,0.07,0.169,1.1,4.0,20.459,20.463,0.014,0.038,1.8,4.0,19.971,19.97,0.011,0.029,1.6,4.0,19.795,19.795,0.014,0.03,1.2,4.0,19.607,19.643,0.041,0.118,1.9
308.7166748,-1.199172,0.021,0.007,4.0,0.413,4.0,21.426,21.379,0.06,0.156,1.5,4.0,20.037,20.036,0.011,0.002,0.0,4.0,19.416,19.415,0.008,0.022,2.2,4.0,19.181,19.186,0.01,0.027,2.5,4.0,19.02,19.018,0.025,0.041,0.8
308.7163696,-1.2012962,0.038,0.017,4.0,0.413,0.0,0.069,0.069,0.0,0.0,0.0,4.0,21.622,21.594,0.033,0.11,1.6,4.0,20.812,20.819,0.019,0.034,0.7,4.0,20.549,20.528,0.024,0.092,2.6,4.0,20.377,20.384,0.075,0.077,0.3
308.7174072,-1.0987642,0.017,0.01,4.0,0.417,0.0,0.048,0.048,0.0,0.0,0.0,4.0,20.083,20.081,0.011,0.005,0.1,4.0,18.683,18.684,0.006,0.012,1.2,4.0,18.029,18.018,0.007,0.015,1.1,4.0,17.604,17.608,0.012,0.03,1.4
308.7191162,-1.109382,0.021,0.022,4.0,0.417,3.0,21.825,21.859,0.11,0.08,0.2,4.0,20.305,20.303,0.013,0.014,0.3,4.0,19.711,19.712,0.009,0.02,1.0,4.0,19.422,19.417,0.011,0.015,0.4,4.0,19.207,19.197,0.028,0.094,2.5
308.7227173,-1.195407,0.008,0.024,4.0,0.41,4.0,21.973,21.904,0.094,0.156,0.7,4.0,20.974,20.971,0.02,0.011,0.0,4.0,20.524,20.508,0.015,0.027,0.9,4.0,20.331,20.317,0.02,0.029,0.7,4.0,20.09,20.117,0.06,0.163,1.4
308.7233887,-1.1736882,0.013,0.016,4.0,0.409,4.0,21.534,21.514,0.067,0.153,1.3,4.0,20.58,20.581,0.015,0.023,0.6,4.0,20.18,20.18,0.012,0.032,1.6,4.0,19.998,20.007,0.016,0.045,2.2,4.0,19.823,19.837,0.047,0.047,0.2
308.7252197,-1.1354629,0.035,0.04,4.0,0.41,0.0,0.058,0.058,0.0,0.0,0.0,4.0,22.131,22.119,0.053,0.043,0.2,4.0,20.543,20.523,0.016,0.034,1.3,4.0,19.163,19.151,0.01,0.025,1.5,4.0,18.353,18.349,0.016,0.017,0.2
308.7268982,-1.1347989,0.007,0.007,4.0,0.408,3.0,21.992,21.806,0.092,0.341,5.1,4.0,21.028,21.029,0.022,0.007,0.0,4.0,20.508,20.523,0.015,0.057,2.8,4.0,20.329,20.323,0.02,0.042,0.7,4.0,20.09,20.092,0.059,0.109,0.9
308.7284851,-1.2495568,0.021,0.024,4.0,0.409,4.0,20.383,20.366,0.029,0.048,0.8,4.0,19.077,19.074,0.007,0.013,0.6,4.0,18.49,18.493,0.005,0.016,2.1,4.0,18.278,18.281,0.007,0.023,1.1,4.0,18.166,18.151,0.015,0.044,2.1
308.7296143,-1.0985402,0.035,0.013,4.0,0.407,4.0,21.916,21.868,0.092,0.217,1.2,4.0,19.233,19.239,0.008,0.018,1.6,4.0,17.77,17.769,0.005,0.016,3.0,4.0,17.068,17.058,0.006,0.016,1.9,4.0,16.638,16.64,0.01,0.007,0.1
308.7319031,-1.22865,0.033,0.041,4.0,0.401,0.0,0.065,0.065,0.0,0.0,0.0,4.0,21.695,21.683,0.037,0.128,2.3,4.0,20.417,20.412,0.014,0.039,1.8,4.0,19.957,19.95,0.016,0.023,0.6,4.0,19.59,19.57,0.038,0.033,0.2
308.730896,-1.2218444,0.017,0.018,4.0,0.403,4.0,21.968,21.819,0.09,0.193,1.5,4.0,20.21,20.214,0.012,0.038,2.1,4.0,19.396,19.393,0.008,0.021,2.0,4.0,19.051,19.04,0.009,0.025,1.7,4.0,18.799,18.803,0.021,0.028,0.5
308.7336121,-1.170359,0.026,0.01,4.0,0.402,2.0,22.623,22.624,0.21,0.041,0.0,4.0,19.752,19.748,0.013,0.027,1.0,4.0,18.685,18.68,0.011,0.022,1.0,4.0,18.278,18.272,0.013,0.036,2.0,4.0,18.02,18.013,0.018,0.023,0.5
308.7330933,-1.172601,0.009,0.011,4.0,0.402,0.0,0.065,0.065,0.0,0.0,0.0,4.0,21.663,21.675,0.036,0.068,0.8,4.0,20.742,20.745,0.018,0.032,0.9,4.0,20.413,20.4,0.021,0.04,1.1,4.0,20.122,20.135,0.061,0.152,1.2
308.7374878,-1.252162,0.015,0.021,4.0,0.403,4.0,19.745,19.753,0.02,0.064,2.7,4.0,18.214,18.218,0.005,0.013,1.0,4.0,17.601,17.603,0.005,0.011,1.3,4.0,17.412,17.4,0.006,0.017,1.9,4.0,17.293,17.29,0.011,0.014,0.4
308.7411194,-1.212816,0.022,0.009,4.0,0.398,4.0,20.988,21.023,0.046,0.152,2.3,4.0,19.728,19.736,0.009,0.023,1.5,4.0,19.156,19.162,0.007,0.019,1.8,4.0,18.932,18.932,0.009,0.011,0.5,4.0,18.787,18.771,0.021,0.056,2.1
308.7400513,-1.147812,0.017,0.019,4.0,0.396,0.0,0.059,0.059,0.0,0.0,0.0,4.0,22.104,22.098,0.052,0.065,0.4,4.0,20.61,20.598,0.016,0.049,1.7,4.0,19.593,19.592,0.012,0.027,0.9,4.0,18.986,18.987,0.024,0.02,0.2
308.7520142,-1.199966,0.019,0.012,4.0,0.392,0.0,0.068,0.068,0.0,0.0,0.0,4.0,20.931,20.924,0.035,0.07,0.4,4.0,19.516,19.519,0.023,0.034,0.3,4.0,18.323,18.315,0.023,0.024,0.3,4.0,17.655,17.657,0.02,0.017,0.2
308.752655,-1.2006242,0.008,0.032,4.0,0.392,4.0,21.236,21.24,0.053,0.037,0.1,4.0,19.585,19.586,0.011,0.014,0.4,4.0,18.954,18.958,0.015,0.017,0.3,4.0,18.728,18.733,0.039,0.02,0.0,4.0,18.638,18.623,0.044,0.031,0.1
308.7520142,-1.200873,0.029,0.009,4.0,0.392,0.0,0.069,0.069,0.0,0.0,0.0,4.0,21.621,21.653,0.053,0.237,2.6,4.0,20.018,20.005,0.029,0.031,0.0,4.0,18.763,18.756,0.038,0.046,0.4,4.0,18.062,18.057,0.019,0.013,0.1
308.7510986,-1.1645567,0.028,0.009,4.0,0.39,4.0,21.365,21.365,0.059,0.052,0.2,4.0,20.394,20.391,0.014,0.022,0.6,4.0,19.872,19.866,0.01,0.021,1.3,4.0,19.671,19.668,0.013,0.011,0.2,4.0,19.531,19.501,0.038,0.072,0.7
308.7583923,-1.174281,0.01,0.016,4.0,0.387,4.0,21.627,21.574,0.073,0.209,1.6,4.0,20.048,20.036,0.018,0.047,2.0,4.0,19.418,19.43,0.013,0.039,1.6,4.0,19.189,19.183,0.015,0.032,1.0,4.0,19.082,19.065,0.027,0.114,4.3
308.6130981,-1.2424679,0.012,0.017,4.0,0.496,0.0,0.056,0.056,0.0,0.0,0.0,4.0,21.709,21.687,0.036,0.077,1.1,4.0,20.133,20.137,0.012,0.031,1.7,4.0,19.172,19.163,0.01,0.026,1.8,4.0,18.67,18.671,0.02,0.016,0.2
308.6150513,-1.232228,0.024,0.007,4.0,0.497,0.0,0.063,0.063,0.0,0.0,0.0,4.0,20.793,20.797,0.018,0.07,2.7,4.0,19.549,19.545,0.008,0.02,1.7,4.0,19.043,19.031,0.009,0.028,2.6,4.0,18.743,18.749,0.021,0.035,0.7
308.6161194,-1.210111,0.019,0.015,4.0,0.5,0.0,0.058,0.058,0.0,0.0,0.0,4.0,21.149,21.129,0.023,0.058,1.8,4.0,19.636,19.643,0.009,0.029,2.6,4.0,18.917,18.929,0.009,0.022,1.8,4.0,18.511,18.509,0.018,0.05,1.8
308.6397095,-1.0578507,0.03,0.039,4.0,0.465,0.0,0.065,0.065,0.0,0.0,0.0,4.0,21.765,21.736,0.039,0.119,2.1,4.0,20.087,20.092,0.012,0.028,1.4,4.0,19.159,19.151,0.01,0.026,1.9,4.0,18.591,18.61,0.019,0.046,1.5
308.639801,-1.04799,0.031,0.041,12.0,0.463,0.0,0.051,0.051,0.0,0.0,0.0,11.0,21.65,21.683,0.022,0.114,1.6,11.0,20.252,20.246,0.008,0.044,2.0,11.0,19.61,19.601,0.008,0.039,2.3,11.0,19.226,19.204,0.018,0.044,0.6
308.6690979,-1.091458,0.016,0.016,4.0,0.454,0.0,0.046,0.046,0.0,0.0,0.0,4.0,21.286,21.282,0.026,0.031,0.3,4.0,19.803,19.806,0.01,0.032,2.1,4.0,18.729,18.727,0.008,0.03,1.9,4.0,18.126,18.125,0.015,0.012,0.2
308.6679688,-1.089968,0.019,0.024,4.0,0.455,3.0,22.041,22.018,0.116,0.061,0.1,4.0,20.927,20.938,0.02,0.05,1.3,4.0,20.258,20.263,0.013,0.048,2.3,4.0,19.939,19.952,0.015,0.037,1.5,4.0,19.761,19.769,0.045,0.037,0.2
308.6706543,-1.0863853,0.015,0.01,4.0,0.453,0.0,0.046,0.046,0.0,0.0,0.0,4.0,21.186,21.169,0.024,0.062,1.5,4.0,19.56,19.557,0.008,0.017,1.0,4.0,18.563,18.563,0.008,0.008,0.1,4.0,17.985,17.988,0.014,0.031,1.2
308.6776123,-1.081462,0.018,0.012,4.0,0.446,0.0,0.037,0.037,0.0,0.0,0.0,4.0,21.319,21.322,0.027,0.01,0.0,4.0,19.939,19.947,0.01,0.033,1.9,4.0,19.31,19.318,0.011,0.034,2.9,4.0,19.002,18.994,0.025,0.033,0.5
308.6854858,-1.1070789,0.01,0.014,4.0,0.442,3.0,22.11,22.103,0.13,0.298,1.4,4.0,20.722,20.72,0.017,0.048,1.7,4.0,19.951,19.954,0.01,0.025,1.1,4.0,19.684,19.683,0.013,0.012,0.3,4.0,19.475,19.479,0.035,0.044,0.3
308.6940918,-1.1230609,0.005,0.009,4.0,0.436,0.0,0.057,0.057,0.0,0.0,0.0,4.0,21.759,21.735,0.038,0.106,1.6,4.0,20.417,20.412,0.014,0.024,0.8,4.0,19.852,19.84,0.014,0.034,1.7,4.0,19.508,19.503,0.036,0.087,1.5
308.6974487,-1.227321,0.009,0.019,4.0,0.431,0.0,0.064,0.064,0.0,0.0,0.0,4.0,21.111,21.122,0.023,0.087,2.9,4.0,20.273,20.26,0.013,0.037,2.1,4.0,19.925,19.914,0.015,0.04,1.5,4.0,19.624,19.628,0.04,0.044,0.3
308.6992188,-1.2192372,0.011,0.018,4.0,0.429,2.0,22.525,22.492,0.189,0.207,0.6,4.0,21.06,21.034,0.022,0.078,3.0,4.0,20.179,20.178,0.012,0.026,1.0,4.0,19.853,19.854,0.014,0.022,0.4,4.0,19.607,19.599,0.039,0.063,0.8
308.7017517,-1.1296898,0.01,0.013,4.0,0.429,2.0,22.275,22.276,0.162,0.065,0.1,4.0,21.086,21.065,0.023,0.051,1.2,4.0,20.52,20.531,0.017,0.034,1.1,4.0,20.314,20.303,0.02,0.049,1.1,4.0,20.15,20.151,0.06,0.179,2.0
308.7028198,-1.1664779,0.008,0.014,4.0,0.425,4.0,21.45,21.464,0.064,0.054,0.2,4.0,20.453,20.456,0.014,0.012,0.2,4.0,20.111,20.114,0.012,0.009,0.1,4.0,19.969,19.985,0.016,0.049,2.6,4.0,19.734,19.782,0.045,0.131,1.8
308.7046509,-1.143326,0.011,0.027,4.0,0.425,0.0,0.057,0.057,0.0,0.0,0.0,4.0,21.689,21.668,0.036,0.103,1.7,4.0,20.193,20.191,0.012,0.036,2.5,4.0,18.997,19.009,0.009,0.021,1.7,4.0,18.386,18.393,0.017,0.049,2.2
308.7064514,-1.203796,0.016,0.023,4.0,0.422,0.0,0.069,0.069,0.0,0.0,0.0,4.0,21.553,21.523,0.032,0.05,0.7,4.0,20.026,20.03,0.011,0.022,1.0,4.0,19.197,19.196,0.01,0.029,2.6,4.0,18.63,18.637,0.019,0.031,0.6
308.7124634,-1.241756,0.062,0.023,4.0,0.419,0.0,0.055,0.055,0.0,0.0,0.0,4.0,21.596,21.578,0.034,0.108,1.9,4.0,20.009,20.021,0.011,0.043,2.7,4.0,18.411,18.408,0.007,0.025,1.5,4.0,17.48,17.482,0.011,0.022,1.0
308.7163696,-1.0911552,0.012,0.01,4.0,0.416,0.0,0.045,0.045,0.0,0.0,0.0,4.0,20.699,20.69,0.017,0.041,1.5,4.0,19.279,19.282,0.007,0.014,1.0,4.0,18.634,18.627,0.008,0.018,1.2,4.0,18.193,18.196,0.015,0.024,0.7
308.7164612,-1.2466742,0.006,0.024,4.0,0.417,0.0,0.041,0.041,0.0,0.0,0.0,4.0,21.675,21.661,0.036,0.06,0.7,4.0,20.225,20.219,0.013,0.03,1.3,4.0,19.692,19.691,0.013,0.021,0.4,4.0,19.296,19.287,0.031,0.033,0.3
308.7227173,-1.2018332,0.009,0.029,4.0,0.409,0.0,0.068,0.068,0.0,0.0,0.0,4.0,21.205,21.179,0.024,0.048,1.1,4.0,20.059,20.051,0.011,0.035,2.2,4.0,19.595,19.583,0.012,0.033,2.3,4.0,19.237,19.233,0.029,0.031,0.2
308.7233887,-1.110219,0.025,0.017,4.0,0.414,0.0,0.047,0.047,0.0,0.0,0.0,4.0,20.718,20.693,0.017,0.045,2.1,4.0,19.305,19.308,0.007,0.023,2.3,4.0,18.739,18.737,0.008,0.02,1.2,4.0,18.362,18.364,0.016,0.022,0.5
308.7308044,-1.204004,0.03,0.033,4.0,0.404,0.0,0.068,0.068,0.0,0.0,0.0,4.0,20.798,20.784,0.018,0.051,2.2,4.0,19.754,19.758,0.009,0.029,2.6,4.0,19.368,19.349,0.011,0.028,1.8,4.0,19.048,19.047,0.025,0.05,0.8
308.73526,-1.1185689,0.014,0.027,4.0,0.404,3.0,21.587,21.667,0.089,0.336,3.1,4.0,20.703,20.7,0.017,0.018,0.3,4.0,20.219,20.229,0.012,0.038,2.2,4.0,20.045,20.041,0.016,0.019,0.3,4.0,20.025,20.031,0.055,0.045,0.1
308.7377014,-1.205582,0.032,0.03,4.0,0.4,0.0,0.058,0.058,0.0,0.0,0.0,4.0,20.69,20.681,0.017,0.03,0.9,4.0,19.224,19.217,0.007,0.025,2.9,4.0,18.34,18.34,0.007,0.018,1.9,4.0,17.783,17.794,0.013,0.029,1.4
308.7373962,-1.2103542,0.018,0.03,4.0,0.4,0.0,0.058,0.058,0.0,0.0,0.0,4.0,20.942,20.947,0.02,0.046,1.4,4.0,20.123,20.119,0.012,0.03,1.8,4.0,19.892,19.88,0.015,0.022,0.7,4.0,19.697,19.711,0.043,0.1,1.2
308.7414551,-1.252986,0.017,0.031,4.0,0.402,0.0,0.04,0.04,0.0,0.0,0.0,4.0,20.727,20.732,0.017,0.028,0.5,4.0,19.634,19.626,0.009,0.023,1.8,4.0,19.216,19.21,0.01,0.032,2.1,4.0,18.976,18.961,0.024,0.041,0.7
308.7416687,-1.235958,0.024,0.029,4.0,0.398,4.0,22.059,22.048,0.107,0.087,0.2,4.0,20.68,20.672,0.016,0.021,0.4,4.0,19.967,19.972,0.011,0.021,1.0,4.0,19.666,19.664,0.013,0.046,2.0,4.0,19.409,19.426,0.034,0.06,0.7
308.7467651,-1.0709052,0.031,0.022,4.0,0.397,0.0,0.057,0.057,0.0,0.0,0.0,4.0,22.19,22.167,0.056,0.192,1.7,4.0,20.663,20.669,0.017,0.05,2.2,4.0,19.859,19.864,0.015,0.023,0.6,4.0,19.416,19.422,0.034,0.076,1.3
308.7496643,-1.1040779,0.018,0.023,4.0,0.391,0.0,0.05,0.05,0.0,0.0,0.0,4.0,21.503,21.501,0.031,0.093,1.7,4.0,20.104,20.098,0.011,0.024,0.9,4.0,18.626,18.618,0.008,0.016,1.0,4.0,17.836,17.837,0.013,0.023,0.7
308.7500916,-1.082626,0.024,0.011,4.0,0.394,0.0,0.036,0.036,0.0,0.0,0.0,4.0,20.871,20.878,0.02,0.064,2.0,4.0,19.412,19.416,0.008,0.025,2.8,4.0,18.701,18.693,0.008,0.02,1.2,4.0,18.317,18.3,0.016,0.042,1.8
308.7557068,-1.148537,0.015,0.036,4.0,0.385,0.0,0.058,0.058,0.0,0.0,0.0,4.0,21.376,21.373,0.028,0.019,0.1,4.0,20.356,20.352,0.014,0.042,1.8,4.0,19.937,19.945,0.016,0.053,2.2,4.0,19.649,19.642,0.04,0.043,0.2
308.7557068,-1.0621607,0.016,0.005,4.0,0.392,0.0,0.064,0.064,0.0,0.0,0.0,4.0,21.297,21.289,0.027,0.073,1.4,4.0,19.95,19.95,0.01,0.003,0.0,4.0,19.224,19.232,0.01,0.025,1.7,4.0,18.848,18.86,0.022,0.035,0.6
308.7593994,-1.148273,0.023,0.019,4.0,0.383,0.0,0.059,0.059,0.0,0.0,0.0,4.0,21.97,21.938,0.045,0.108,1.2,4.0,20.418,20.437,0.014,0.039,1.9,4.0,19.116,19.108,0.009,0.023,1.8,4.0,18.397,18.397,0.016,0.02,0.3
308.637207,-1.217369,0.012,0.014,4.0,0.485,0.0,0.058,0.058,0.0,0.0,0.0,4.0,21.984,21.987,0.046,0.143,1.6,4.0,20.522,20.522,0.016,0.025,0.5,4.0,19.396,19.4,0.011,0.02,0.9,4.0,18.796,18.782,0.021,0.041,1.0
308.6517029,-1.228538,0.011,0.04,4.0,0.47,0.0,0.065,0.065,0.0,0.0,0.0,4.0,21.96,21.982,0.051,0.05,0.3,4.0,20.485,20.492,0.015,0.04,1.2,4.0,19.669,19.656,0.013,0.024,1.0,4.0,19.177,19.156,0.028,0.057,1.2
308.6548462,-1.077508,0.039,0.019,4.0,0.463,0.0,0.039,0.039,0.0,0.0,0.0,4.0,22.291,22.263,0.06,0.117,0.9,4.0,20.621,20.625,0.017,0.035,1.1,4.0,19.697,19.7,0.013,0.041,1.8,4.0,19.111,19.083,0.026,0.112,4.1
308.658783,-1.2613444,0.043,0.06,4.0,0.457,0.0,0.054,0.054,0.0,0.0,0.0,4.0,22.558,22.497,0.075,0.259,2.7,4.0,21.188,21.173,0.027,0.043,0.6,4.0,19.526,19.536,0.013,0.025,1.2,4.0,18.679,18.678,0.02,0.047,1.4
308.6602173,-1.21348,0.03,0.061,4.0,0.465,0.0,0.061,0.061,0.0,0.0,0.0,4.0,22.592,22.566,0.077,0.339,2.6,4.0,21.098,21.066,0.024,0.077,2.7,4.0,19.647,19.657,0.013,0.025,1.1,4.0,18.803,18.822,0.022,0.064,2.0
308.675415,-1.0849242,0.047,0.048,4.0,0.448,0.0,0.04,0.04,0.0,0.0,0.0,4.0,23.151,23.105,0.128,0.234,0.7,4.0,21.38,21.373,0.031,0.049,0.5,4.0,19.888,19.879,0.015,0.039,1.4,4.0,19.098,19.081,0.026,0.061,1.1
308.680481,-1.0997529,0.045,0.036,4.0,0.446,0.0,0.051,0.051,0.0,0.0,0.0,4.0,22.58,22.552,0.077,0.06,0.2,4.0,21.024,21.027,0.023,0.025,0.3,4.0,19.886,19.875,0.015,0.021,0.6,4.0,19.268,19.258,0.03,0.102,2.6
308.6873474,-1.091755,0.014,0.033,4.0,0.439,0.0,0.047,0.047,0.0,0.0,0.0,4.0,22.078,22.083,0.052,0.124,1.3,4.0,20.582,20.586,0.016,0.058,2.1,4.0,19.679,19.678,0.013,0.008,0.1,4.0,19.13,19.12,0.027,0.054,0.8
308.6900024,-1.0769852,0.02,0.007,4.0,0.434,0.0,0.038,0.038,0.0,0.0,0.0,4.0,22.066,22.068,0.051,0.055,0.3,4.0,20.644,20.635,0.017,0.045,1.4,4.0,19.51,19.498,0.012,0.026,1.4,4.0,18.913,18.898,0.023,0.056,1.2
308.6934814,-1.15728,0.024,0.045,4.0,0.432,0.0,0.066,0.066,0.0,0.0,0.0,4.0,22.075,22.05,0.05,0.084,0.8,4.0,20.688,20.683,0.017,0.024,0.4,4.0,19.319,19.332,0.011,0.022,1.3,4.0,18.56,18.569,0.018,0.037,1.1
308.7367554,-1.127918,0.072,0.026,4.0,0.402,0.0,0.058,0.058,0.0,0.0,0.0,4.0,22.807,22.757,0.093,0.11,0.4,4.0,21.273,21.26,0.027,0.05,0.6,4.0,19.852,19.858,0.015,0.043,2.5,4.0,19.14,19.136,0.027,0.032,0.3
308.7450562,-1.131657,0.026,0.028,4.0,0.395,0.0,0.058,0.058,0.0,0.0,0.0,4.0,22.825,22.806,0.096,0.075,0.2,4.0,21.094,21.086,0.024,0.067,1.6,4.0,19.758,19.748,0.014,0.038,2.0,4.0,19.044,19.035,0.025,0.061,1.2
308.7455139,-1.2318943,0.019,0.024,4.0,0.396,0.0,0.066,0.066,0.0,0.0,0.0,4.0,22.332,22.28,0.061,0.145,1.3,4.0,20.865,20.866,0.021,0.021,0.3,4.0,19.823,19.821,0.015,0.02,0.5,4.0,19.203,19.218,0.029,0.081,1.8
308.7474976,-1.1651089,0.028,0.017,4.0,0.392,0.0,0.066,0.066,0.0,0.0,0.0,4.0,22.27,22.301,0.063,0.291,2.9,4.0,20.914,20.924,0.021,0.063,2.1,4.0,19.666,19.658,0.013,0.031,1.2,4.0,18.937,18.954,0.023,0.052,1.2
308.6369934,-1.1088042,0.029,0.013,4.0,0.483,3.0,21.999,22.063,0.132,0.383,1.8,4.0,21.283,21.295,0.026,0.108,2.7,4.0,20.74,20.736,0.019,0.043,1.5,4.0,20.484,20.49,0.022,0.025,0.4,4.0,20.392,20.342,0.073,0.102,0.5
308.6667175,-1.0840589,0.027,0.016,4.0,0.456,4.0,21.845,21.85,0.092,0.229,1.1,4.0,21.034,21.035,0.022,0.029,0.4,4.0,20.551,20.542,0.016,0.038,1.2,4.0,20.33,20.314,0.02,0.039,1.0,4.0,20.123,20.114,0.06,0.086,0.6
308.7533875,-1.0487009,0.033,0.036,10.0,0.395,6.0,22.357,22.293,0.106,0.171,0.5,9.0,21.537,21.529,0.02,0.047,0.6,9.0,20.873,20.88,0.014,0.062,2.2,9.0,20.672,20.655,0.017,0.051,1.0,9.0,20.475,20.504,0.055,0.148,0.8
308.6124573,-1.0608749,0.027,0.019,4.0,0.477,0.0,0.066,0.066,0.0,0.0,0.0,4.0,22.319,22.304,0.061,0.083,0.5,4.0,20.755,20.766,0.019,0.041,1.3,4.0,20.064,20.076,0.016,0.046,1.9,4.0,19.598,19.57,0.04,0.108,1.6
308.6140137,-1.0818622,0.032,0.028,4.0,0.485,4.0,22.296,22.163,0.128,0.241,1.1,4.0,21.099,21.11,0.023,0.078,2.0,4.0,20.483,20.475,0.015,0.039,1.7,4.0,20.208,20.228,0.019,0.042,1.3,4.0,20.105,20.045,0.057,0.108,1.1
308.6147156,-1.1111572,0.027,0.046,4.0,0.495,0.0,0.049,0.049,0.0,0.0,0.0,4.0,21.613,21.595,0.033,0.069,1.0,4.0,20.508,20.505,0.016,0.029,0.8,4.0,20.014,20.038,0.016,0.051,2.7,4.0,19.747,19.766,0.045,0.052,0.3
308.617218,-1.231588,0.029,0.053,4.0,0.495,0.0,0.065,0.065,0.0,0.0,0.0,4.0,21.747,21.744,0.037,0.045,0.4,4.0,20.519,20.526,0.016,0.031,1.1,4.0,19.987,19.989,0.016,0.03,1.0,4.0,19.703,19.674,0.042,0.13,2.2
308.6213989,-1.2393402,0.009,0.041,4.0,0.491,2.0,22.22,22.037,0.173,0.6,4.9,4.0,21.329,21.323,0.027,0.028,0.3,4.0,20.662,20.652,0.018,0.022,0.4,4.0,20.419,20.397,0.022,0.077,2.9,4.0,20.281,20.274,0.069,0.056,0.2
308.6237488,-1.230281,0.02,0.022,4.0,0.491,0.0,0.065,0.065,0.0,0.0,0.0,4.0,21.621,21.597,0.033,0.08,1.4,4.0,20.568,20.57,0.016,0.028,0.6,4.0,20.146,20.138,0.018,0.028,0.7,4.0,19.903,19.806,0.047,0.159,3.2
308.6244812,-1.2145609,0.016,0.026,4.0,0.494,0.0,0.061,0.061,0.0,0.0,0.0,4.0,22.845,22.832,0.1,0.151,0.6,4.0,21.14,21.159,0.026,0.056,1.2,4.0,19.839,19.845,0.014,0.031,1.2,4.0,19.024,19.018,0.025,0.043,0.6
308.6246948,-1.0653142,0.02,0.02,4.0,0.473,0.0,0.056,0.056,0.0,0.0,0.0,4.0,21.991,21.982,0.047,0.065,0.5,4.0,20.713,20.731,0.018,0.055,2.3,4.0,20.264,20.259,0.019,0.025,0.4,4.0,20.004,19.988,0.054,0.124,1.4
308.6438904,-1.048963,0.03,0.023,10.0,0.461,2.0,22.311,22.273,0.176,0.192,0.6,9.0,21.401,21.397,0.018,0.034,0.4,9.0,20.804,20.81,0.013,0.053,1.7,9.0,20.538,20.547,0.016,0.051,1.0,9.0,20.43,20.415,0.051,0.076,0.3
308.6634827,-1.0526849,0.032,0.054,5.0,0.451,0.0,0.051,0.051,0.0,0.0,0.0,5.0,21.961,21.954,0.038,0.035,0.2,5.0,20.708,20.719,0.016,0.055,2.3,5.0,20.181,20.184,0.016,0.032,0.8,5.0,19.85,19.87,0.042,0.134,1.7
308.6694031,-1.190816,0.039,0.05,4.0,0.458,0.0,0.065,0.065,0.0,0.0,0.0,4.0,22.848,22.759,0.094,0.206,1.0,4.0,21.309,21.324,0.03,0.111,1.8,4.0,20.158,20.159,0.019,0.04,1.3,4.0,19.404,19.414,0.033,0.054,0.6
308.6674805,-1.194958,0.01,0.028,4.0,0.46,4.0,22.186,22.157,0.117,0.102,0.2,4.0,20.975,20.976,0.021,0.03,0.6,4.0,20.421,20.417,0.014,0.032,1.0,4.0,20.166,20.176,0.018,0.04,1.2,4.0,19.973,19.993,0.054,0.125,1.2
308.6746521,-1.09563,0.063,0.015,4.0,0.45,0.0,0.051,0.051,0.0,0.0,0.0,4.0,22.576,22.573,0.079,0.201,0.8,4.0,21.112,21.12,0.025,0.07,1.1,4.0,19.957,19.959,0.016,0.019,0.3,4.0,19.375,19.36,0.032,0.038,0.4
308.6792603,-1.1802433,0.009,0.02,4.0,0.448,0.0,0.055,0.055,0.0,0.0,0.0,4.0,21.189,21.181,0.024,0.03,0.4,4.0,20.37,20.363,0.014,0.032,1.3,4.0,20.052,20.054,0.016,0.036,0.9,4.0,19.851,19.847,0.047,0.09,0.8
308.6860962,-1.1902843,0.022,0.016,4.0,0.441,4.0,22.166,22.172,0.118,0.167,0.4,4.0,20.967,20.949,0.02,0.069,3.0,4.0,20.517,20.524,0.016,0.049,1.6,4.0,20.346,20.363,0.021,0.033,0.7,4.0,20.169,20.145,0.061,0.084,0.4
308.687439,-1.237664,0.037,0.033,4.0,0.439,3.0,22.46,22.386,0.172,0.15,0.2,4.0,21.081,21.089,0.023,0.022,0.3,4.0,20.484,20.478,0.015,0.056,2.9,4.0,20.198,20.195,0.019,0.028,0.7,4.0,20.003,19.915,0.051,0.16,2.7
308.6911011,-1.2493472,0.079,0.024,4.0,0.435,0.0,0.042,0.042,0.0,0.0,0.0,4.0,22.417,22.443,0.071,0.163,0.6,4.0,21.068,21.08,0.025,0.106,2.7,4.0,19.855,19.855,0.015,0.036,0.9,4.0,19.149,19.153,0.028,0.036,0.4
308.7055054,-1.244223,0.047,0.038,4.0,0.424,0.0,0.057,0.057,0.0,0.0,0.0,4.0,22.684,22.637,0.084,0.184,1.1,4.0,21.109,21.101,0.025,0.075,1.6,4.0,19.878,19.88,0.015,0.051,1.7,4.0,19.177,19.178,0.028,0.053,0.6
308.7063599,-1.13352,0.018,0.029,4.0,0.425,0.0,0.058,0.058,0.0,0.0,0.0,4.0,22.233,22.253,0.06,0.126,0.9,4.0,20.745,20.748,0.018,0.041,1.2,4.0,20.109,20.085,0.017,0.062,3.0,4.0,19.602,19.601,0.039,0.025,0.1
308.711853,-1.186453,0.028,0.029,4.0,0.417,0.0,0.063,0.063,0.0,0.0,0.0,4.0,21.494,21.457,0.03,0.099,2.5,4.0,20.447,20.448,0.015,0.025,0.6,4.0,20.07,20.038,0.016,0.048,2.5,4.0,19.737,19.768,0.044,0.105,1.3
308.7197571,-1.249818,0.063,0.037,4.0,0.415,0.0,0.043,0.043,0.0,0.0,0.0,4.0,22.714,22.679,0.087,0.114,0.5,4.0,21.208,21.209,0.027,0.037,0.3,4.0,20.068,20.065,0.017,0.05,2.3,4.0,19.464,19.451,0.037,0.211,2.1
308.7246094,-1.1174557,0.019,0.022,4.0,0.413,0.0,0.058,0.058,0.0,0.0,0.0,4.0,22.734,22.738,0.091,0.101,0.2,4.0,21.44,21.441,0.032,0.067,1.1,4.0,20.081,20.075,0.017,0.045,2.1,4.0,19.285,19.286,0.031,0.034,0.4
308.7268982,-1.092767,0.021,0.011,4.0,0.409,0.0,0.047,0.047,0.0,0.0,0.0,4.0,21.673,21.656,0.036,0.142,2.5,4.0,20.584,20.593,0.016,0.031,1.0,4.0,20.181,20.171,0.019,0.048,1.4,4.0,19.878,19.921,0.051,0.175,2.3
308.7420654,-1.048874,0.034,0.037,11.0,0.402,0.0,0.051,0.051,0.0,0.0,0.0,10.0,21.784,21.744,0.023,0.069,0.9,10.0,20.78,20.788,0.013,0.073,3.0,10.0,20.371,20.366,0.013,0.043,1.0,10.0,20.062,20.082,0.037,0.14,1.0
308.7433167,-1.1290909,0.03,0.024,4.0,0.396,0.0,0.057,0.057,0.0,0.0,0.0,4.0,21.682,21.682,0.036,0.029,0.1,4.0,20.811,20.82,0.019,0.058,2.0,4.0,20.414,20.409,0.021,0.062,1.5,4.0,20.084,20.082,0.064,0.113,0.4
308.7466736,-1.0641557,0.025,0.019,4.0,0.398,0.0,0.065,0.065,0.0,0.0,0.0,4.0,22.196,22.195,0.057,0.134,1.3,4.0,20.854,20.834,0.02,0.038,0.8,4.0,19.857,19.857,0.015,0.028,0.6,4.0,19.277,19.318,0.031,0.104,2.5
308.7536011,-1.079441,0.033,0.03,4.0,0.392,0.0,0.039,0.039,0.0,0.0,0.0,4.0,22.491,22.514,0.077,0.316,1.2,4.0,21.036,21.032,0.023,0.038,0.8,4.0,19.922,19.916,0.015,0.018,0.3,4.0,19.343,19.337,0.032,0.039,0.3
308.7583923,-1.085106,0.038,0.048,4.0,0.388,0.0,0.048,0.048,0.0,0.0,0.0,4.0,22.557,22.543,0.076,0.063,0.1,4.0,21.086,21.117,0.024,0.082,2.9,4.0,20.083,20.081,0.016,0.027,0.8,4.0,19.497,19.51,0.036,0.083,1.3
308.7182617,-1.0478609,0.048,0.048,12.0,0.417,0.0,0.052,0.052,0.0,0.0,0.0,10.0,22.891,22.812,0.06,0.177,0.9,11.0,21.345,21.349,0.019,0.086,1.5,11.0,19.988,19.956,0.01,0.059,2.8,11.0,19.238,19.243,0.018,0.066,1.2
308.7966614,-1.165722,0.02,0.025,4.0,0.37,0.0,0.066,0.066,0.0,0.0,0.0,4.0,21.998,22.007,0.048,0.039,0.2,4.0,20.764,20.784,0.019,0.043,1.3,4.0,20.289,20.284,0.02,0.025,0.4,4.0,19.838,19.877,0.049,0.12,1.3
308.8259583,-1.102437,0.042,0.06,4.0,0.359,0.0,0.05,0.05,0.0,0.0,0.0,4.0,21.849,21.831,0.04,0.142,3.0,4.0,20.368,20.389,0.014,0.042,2.3,4.0,18.949,18.942,0.009,0.014,0.6,4.0,18.191,18.187,0.015,0.02,0.4
308.8327942,-1.1162162,0.019,0.051,4.0,0.359,0.0,0.056,0.056,0.0,0.0,0.0,4.0,21.565,21.539,0.033,0.099,1.8,4.0,20.533,20.527,0.016,0.032,0.8,4.0,20.077,20.062,0.017,0.035,1.2,4.0,19.82,19.784,0.046,0.094,1.3
308.8704834,-1.1846809,0.022,0.027,4.0,0.364,4.0,19.811,19.812,0.019,0.029,0.6,4.0,17.747,17.75,0.005,0.014,1.7,4.0,16.951,16.95,0.005,0.016,3.0,4.0,16.632,16.631,0.005,0.023,2.5,4.0,16.46,16.46,0.009,0.004,0.0
308.8843384,-1.0992609,0.028,0.035,4.0,0.36,4.0,19.449,19.451,0.015,0.014,0.2,4.0,18.094,18.098,0.006,0.013,1.4,4.0,17.568,17.57,0.005,0.01,1.0,4.0,17.386,17.385,0.006,0.012,0.5,4.0,17.308,17.297,0.01,0.035,3.0
308.8929443,-1.112865,0.028,0.037,4.0,0.362,4.0,19.227,19.24,0.014,0.043,2.3,4.0,17.62,17.625,0.005,0.021,3.0,4.0,16.991,16.997,0.005,0.01,1.2,4.0,16.768,16.768,0.005,0.011,0.3,4.0,16.688,16.682,0.009,0.018,1.0
308.8049622,-1.188719,0.028,0.03,4.0,0.371,0.0,0.063,0.063,0.0,0.0,0.0,4.0,21.702,21.66,0.039,0.116,3.0,4.0,20.236,20.23,0.015,0.045,2.8,4.0,18.805,18.805,0.013,0.041,2.5,4.0,18.034,18.045,0.015,0.051,2.1
308.8117065,-1.2100462,0.01,0.025,4.0,0.371,4.0,20.294,20.305,0.027,0.058,1.0,4.0,19.023,19.027,0.012,0.01,0.1,4.0,18.513,18.493,0.011,0.028,1.1,4.0,18.307,18.311,0.013,0.054,1.0,4.0,18.262,18.261,0.018,0.013,0.1
308.8200378,-1.1764232,0.014,0.041,4.0,0.367,4.0,21.764,21.745,0.082,0.22,1.4,4.0,20.775,20.78,0.018,0.012,0.1,4.0,20.389,20.388,0.014,0.03,1.1,4.0,20.238,20.239,0.019,0.032,0.5,4.0,20.095,20.089,0.059,0.044,0.1
308.8248291,-1.16763,0.009,0.029,4.0,0.364,4.0,21.533,21.486,0.065,0.091,0.6,4.0,20.224,20.221,0.012,0.01,0.2,4.0,19.645,19.655,0.009,0.029,2.7,4.0,19.435,19.448,0.011,0.028,1.8,4.0,19.294,19.293,0.031,0.061,1.1
308.8364868,-1.243448,0.046,0.092,4.0,0.367,0.0,0.055,0.055,0.0,0.0,0.0,4.0,21.254,21.246,0.025,0.028,0.3,4.0,20.462,20.452,0.015,0.041,2.2,4.0,20.16,20.164,0.019,0.047,1.3,4.0,20.07,20.038,0.058,0.103,0.6
308.8349609,-1.183526,0.025,0.014,4.0,0.365,4.0,20.771,20.762,0.037,0.064,0.9,4.0,19.571,19.571,0.009,0.01,0.3,4.0,19.058,19.053,0.007,0.023,2.6,4.0,18.83,18.837,0.009,0.019,1.1,4.0,18.675,18.669,0.02,0.026,0.5
308.8352051,-1.224016,0.024,0.018,4.0,0.368,4.0,21.541,21.511,0.067,0.136,1.0,4.0,20.28,20.275,0.013,0.027,1.0,4.0,19.759,19.755,0.01,0.032,2.6,4.0,19.541,19.543,0.012,0.03,1.7,4.0,19.387,19.375,0.033,0.037,0.4
308.8439636,-1.153008,0.022,0.026,4.0,0.361,2.0,22.444,22.441,0.224,0.134,0.2,4.0,20.397,20.392,0.014,0.013,0.2,4.0,19.173,19.172,0.007,0.019,1.8,4.0,18.657,18.645,0.008,0.022,2.6,4.0,18.308,18.308,0.016,0.019,0.4
308.8458862,-1.128267,0.011,0.032,4.0,0.358,4.0,21.173,21.113,0.049,0.137,1.9,4.0,19.691,19.698,0.009,0.028,2.5,4.0,19.147,19.145,0.007,0.021,1.9,4.0,18.93,18.935,0.009,0.012,0.4,4.0,18.82,18.816,0.022,0.026,0.3
308.8470459,-1.0526087,0.037,0.044,12.0,0.355,0.0,0.052,0.052,0.0,0.0,0.0,10.0,22.345,22.32,0.038,0.106,0.8,11.0,20.782,20.795,0.012,0.06,2.3,11.0,19.484,19.47,0.007,0.022,1.0,11.0,18.701,18.701,0.012,0.038,0.8
308.8499451,-1.132049,0.018,0.047,4.0,0.358,4.0,21.25,21.273,0.054,0.093,0.6,4.0,20.231,20.233,0.012,0.009,0.1,4.0,19.887,19.9,0.01,0.036,3.0,4.0,19.766,19.774,0.014,0.032,1.0,4.0,19.672,19.672,0.042,0.018,0.0
308.8512878,-1.1682842,0.012,0.032,4.0,0.363,0.0,0.063,0.063,0.0,0.0,0.0,4.0,20.273,20.272,0.012,0.008,0.1,4.0,19.312,19.314,0.008,0.021,2.0,4.0,18.944,18.946,0.009,0.025,1.8,4.0,18.714,18.709,0.02,0.012,0.1
308.8517456,-1.1524607,0.014,0.041,4.0,0.361,4.0,21.12,21.065,0.046,0.128,2.0,4.0,19.902,19.911,0.01,0.019,1.0,4.0,19.544,19.537,0.008,0.03,3.0,4.0,19.386,19.392,0.011,0.014,0.4,4.0,19.317,19.271,0.03,0.086,2.2
308.8522949,-1.141096,0.016,0.028,4.0,0.359,4.0,21.634,21.628,0.073,0.097,0.4,4.0,20.405,20.396,0.014,0.022,0.7,4.0,19.732,19.743,0.009,0.031,2.7,4.0,19.489,19.495,0.011,0.019,0.6,4.0,19.353,19.336,0.032,0.029,0.2
308.8530273,-1.1913434,0.016,0.024,4.0,0.365,3.0,22.184,22.136,0.125,0.084,0.2,4.0,19.431,19.43,0.008,0.005,0.1,4.0,18.273,18.268,0.006,0.013,1.4,4.0,17.84,17.842,0.007,0.016,1.3,4.0,17.577,17.579,0.012,0.033,2.1
308.8552856,-1.1580549,0.022,0.017,4.0,0.361,0.0,0.063,0.063,0.0,0.0,0.0,4.0,20.159,20.166,0.012,0.025,1.0,4.0,18.834,18.837,0.006,0.017,1.8,4.0,18.171,18.185,0.007,0.025,2.5,4.0,17.804,17.809,0.012,0.03,1.2
308.8562012,-1.1064422,0.017,0.03,4.0,0.358,4.0,21.424,21.399,0.065,0.075,0.3,4.0,20.141,20.141,0.012,0.027,1.1,4.0,19.567,19.565,0.009,0.013,0.5,4.0,19.341,19.341,0.011,0.048,2.5,4.0,19.18,19.183,0.028,0.033,0.4
308.8564453,-1.2204059,0.017,0.026,4.0,0.366,4.0,21.619,21.529,0.067,0.221,3.0,4.0,20.233,20.232,0.012,0.026,1.1,4.0,19.687,19.687,0.009,0.003,0.0,4.0,19.484,19.497,0.012,0.028,1.7,4.0,19.376,19.372,0.033,0.039,0.3
308.8647461,-1.1493959,0.013,0.033,4.0,0.36,4.0,21.405,21.394,0.059,0.06,0.2,4.0,19.631,19.637,0.009,0.019,1.2,4.0,18.893,18.894,0.007,0.018,2.0,4.0,18.595,18.594,0.008,0.019,0.7,4.0,18.394,18.396,0.016,0.018,0.2
308.8681641,-1.212616,0.025,0.029,4.0,0.365,3.0,22.263,22.301,0.162,0.199,0.5,4.0,20.509,20.51,0.015,0.031,1.2,4.0,19.77,19.768,0.01,0.013,0.4,4.0,19.532,19.538,0.012,0.018,0.5,4.0,19.365,19.355,0.033,0.065,1.1
308.8696899,-1.120541,0.015,0.04,4.0,0.359,3.0,22.228,22.221,0.134,0.076,0.1,4.0,19.779,19.786,0.009,0.014,0.6,4.0,18.62,18.628,0.006,0.019,2.7,4.0,18.195,18.199,0.007,0.012,0.6,4.0,17.96,17.963,0.014,0.031,1.2
308.8682861,-1.1213642,0.009,0.044,4.0,0.359,0.0,0.055,0.055,0.0,0.0,0.0,4.0,20.876,20.88,0.019,0.023,0.3,4.0,19.447,19.449,0.008,0.023,2.0,4.0,18.809,18.812,0.008,0.017,1.1,4.0,18.433,18.421,0.016,0.043,1.5
308.8708801,-1.1673189,0.021,0.045,4.0,0.362,0.0,0.063,0.063,0.0,0.0,0.0,4.0,20.462,20.457,0.014,0.029,0.9,4.0,19.096,19.107,0.007,0.021,2.5,4.0,17.812,17.811,0.006,0.015,1.9,4.0,17.127,17.132,0.01,0.018,0.8
308.8703918,-1.168821,0.019,0.028,4.0,0.362,0.0,0.064,0.064,0.0,0.0,0.0,4.0,20.592,20.611,0.016,0.04,1.7,4.0,19.093,19.095,0.007,0.007,0.3,4.0,18.076,18.073,0.007,0.014,1.4,4.0,17.524,17.52,0.011,0.032,1.7
308.8734436,-1.1626089,0.023,0.031,4.0,0.362,4.0,21.489,21.472,0.065,0.166,1.5,4.0,20.423,20.416,0.014,0.022,0.7,4.0,19.959,19.958,0.011,0.037,2.5,4.0,19.748,19.752,0.013,0.011,0.2,4.0,19.604,19.596,0.039,0.06,0.5
308.8756104,-1.217445,0.024,0.021,4.0,0.365,4.0,21.062,21.045,0.046,0.079,0.7,4.0,20.079,20.08,0.011,0.019,0.7,4.0,19.707,19.696,0.009,0.033,3.0,4.0,19.588,19.577,0.012,0.038,2.6,4.0,19.578,19.566,0.039,0.054,0.4
308.8773804,-1.1527109,0.021,0.032,4.0,0.361,4.0,21.306,21.323,0.057,0.075,0.4,4.0,18.923,18.924,0.008,0.014,0.8,4.0,17.932,17.934,0.006,0.017,2.6,4.0,17.549,17.552,0.006,0.02,2.8,4.0,17.359,17.36,0.011,0.023,0.9
308.876709,-1.1517709,0.039,0.03,4.0,0.361,4.0,21.669,21.565,0.072,0.174,1.6,4.0,20.139,20.136,0.014,0.097,2.8,4.0,19.544,19.552,0.011,0.024,0.7,4.0,19.262,19.264,0.013,0.049,2.6,4.0,19.1,19.107,0.027,0.05,0.7
308.8772888,-1.1207529,0.016,0.04,4.0,0.36,4.0,20.975,20.98,0.043,0.025,0.1,4.0,19.29,19.291,0.008,0.024,2.5,4.0,18.681,18.688,0.006,0.017,2.2,4.0,18.461,18.463,0.007,0.017,0.7,4.0,18.358,18.344,0.016,0.037,1.4
308.8799438,-1.192402,0.017,0.029,4.0,0.364,4.0,20.711,20.696,0.035,0.044,0.4,4.0,19.544,19.54,0.008,0.021,1.5,4.0,19.12,19.118,0.007,0.005,0.1,4.0,18.945,18.956,0.009,0.023,1.7,4.0,18.893,18.894,0.023,0.021,0.2
308.8801575,-1.1133382,0.02,0.04,4.0,0.36,4.0,21.165,21.129,0.049,0.181,3.5,4.0,19.721,19.72,0.009,0.016,0.7,4.0,19.118,19.126,0.007,0.018,1.8,4.0,18.9,18.901,0.009,0.004,0.0,4.0,18.838,18.817,0.021,0.075,2.6
308.8813477,-1.1756589,0.025,0.032,4.0,0.363,4.0,21.579,21.601,0.072,0.104,0.5,4.0,20.582,20.58,0.015,0.039,1.4,4.0,20.088,20.094,0.012,0.021,0.9,4.0,19.9,19.901,0.015,0.022,0.4,4.0,19.79,19.788,0.046,0.08,0.8
308.882782,-1.146578,0.016,0.031,4.0,0.362,2.0,22.491,22.485,0.211,0.055,0.0,4.0,20.204,20.21,0.012,0.027,1.3,4.0,19.111,19.119,0.007,0.02,2.1,4.0,18.668,18.668,0.008,0.011,0.4,4.0,18.433,18.421,0.017,0.023,0.5
308.8838196,-1.1268344,0.018,0.037,4.0,0.361,4.0,20.402,20.39,0.027,0.031,0.4,4.0,18.914,18.92,0.007,0.017,1.7,4.0,18.311,18.313,0.006,0.015,1.7,4.0,18.071,18.076,0.007,0.014,0.8,4.0,17.966,17.97,0.013,0.013,0.3
308.8852844,-1.1330372,0.016,0.043,4.0,0.361,4.0,20.56,20.565,0.031,0.057,0.8,4.0,19.343,19.346,0.008,0.013,0.6,4.0,18.852,18.856,0.006,0.016,1.6,4.0,18.682,18.683,0.008,0.021,0.9,4.0,18.598,18.589,0.019,0.046,1.3
308.8868408,-1.097876,0.033,0.041,4.0,0.361,4.0,21.381,21.382,0.06,0.117,0.9,4.0,20.193,20.195,0.012,0.017,0.5,4.0,19.652,19.647,0.009,0.013,0.6,4.0,19.461,19.456,0.011,0.022,1.2,4.0,19.415,19.389,0.033,0.067,1.3
308.8871155,-1.130088,0.015,0.043,4.0,0.361,4.0,20.534,20.527,0.03,0.069,1.3,4.0,19.513,19.512,0.008,0.008,0.2,4.0,19.136,19.141,0.007,0.019,2.0,4.0,18.978,18.983,0.009,0.022,1.2,4.0,18.914,18.891,0.024,0.059,1.5
308.8879089,-1.1200789,0.016,0.046,4.0,0.361,4.0,20.873,20.87,0.039,0.04,0.2,4.0,19.868,19.867,0.01,0.023,1.2,4.0,19.474,19.476,0.008,0.012,0.5,4.0,19.32,19.331,0.011,0.027,1.5,4.0,19.27,19.256,0.029,0.072,1.1
308.8887329,-1.0714232,0.019,0.053,4.0,0.362,3.0,22.175,22.288,0.138,0.246,1.0,4.0,20.412,20.425,0.014,0.048,2.9,4.0,19.661,19.664,0.009,0.025,1.9,4.0,19.382,19.379,0.011,0.013,0.4,4.0,19.272,19.252,0.029,0.057,0.9
308.8892822,-1.1259972,0.028,0.041,4.0,0.361,4.0,21.072,21.086,0.048,0.145,2.1,4.0,20.108,20.099,0.011,0.039,2.6,4.0,19.613,19.61,0.009,0.019,1.0,4.0,19.377,19.383,0.011,0.016,0.5,4.0,19.321,19.289,0.031,0.073,1.7
308.8979187,-1.0735462,0.026,0.032,4.0,0.365,4.0,21.786,21.72,0.083,0.186,1.3,4.0,19.834,19.838,0.01,0.033,3.0,4.0,19.054,19.056,0.007,0.02,2.0,4.0,18.742,18.74,0.008,0.019,1.5,4.0,18.629,18.619,0.019,0.045,1.3
308.8968811,-1.21146,0.035,0.008,4.0,0.364,2.0,22.143,22.202,0.172,0.242,0.9,4.0,20.69,20.681,0.016,0.042,1.6,4.0,19.998,20.001,0.011,0.017,0.5,4.0,19.72,19.733,0.013,0.036,1.6,4.0,19.601,19.581,0.039,0.109,2.2
308.9029846,-1.1732204,0.026,0.053,4.0,0.364,4.0,21.836,21.767,0.084,0.183,1.4,4.0,20.083,20.065,0.016,0.033,1.1,4.0,19.352,19.364,0.011,0.036,2.1,4.0,19.017,19.035,0.012,0.037,3.0,4.0,18.887,18.891,0.024,0.036,0.6
308.8092957,-1.1410152,0.011,0.042,4.0,0.364,0.0,0.057,0.057,0.0,0.0,0.0,4.0,21.427,21.394,0.028,0.057,1.2,4.0,19.881,19.889,0.01,0.022,1.2,4.0,19.077,19.067,0.009,0.029,3.0,4.0,18.606,18.591,0.019,0.051,1.6
308.8190002,-1.1827072,0.015,0.031,4.0,0.368,0.0,0.054,0.054,0.0,0.0,0.0,4.0,21.218,21.22,0.025,0.033,0.5,4.0,19.995,19.998,0.011,0.014,0.4,4.0,19.482,19.478,0.011,0.034,2.6,4.0,19.175,19.175,0.028,0.043,0.5
308.8363037,-1.205883,0.037,0.03,4.0,0.367,0.0,0.06,0.06,0.0,0.0,0.0,4.0,22.153,22.099,0.082,0.144,0.5,4.0,20.697,20.701,0.038,0.04,0.2,4.0,19.451,19.449,0.021,0.053,1.7,4.0,18.728,18.738,0.023,0.049,1.1
308.836792,-1.2052882,0.024,0.027,4.0,0.367,0.0,0.058,0.058,0.0,0.0,0.0,4.0,21.093,21.099,0.024,0.064,1.9,4.0,20.222,20.225,0.019,0.048,1.5,4.0,19.9,19.874,0.024,0.102,1.6,4.0,19.803,19.764,0.065,0.119,0.5
308.8440857,-1.160991,0.018,0.026,4.0,0.362,0.0,0.064,0.064,0.0,0.0,0.0,4.0,21.071,21.057,0.022,0.055,1.6,4.0,19.597,19.597,0.009,0.025,2.1,4.0,18.845,18.859,0.008,0.028,2.5,4.0,18.364,18.352,0.016,0.037,1.2
308.8437805,-1.1121559,0.022,0.033,4.0,0.357,3.0,21.989,21.887,0.108,0.235,1.6,4.0,20.889,20.881,0.02,0.019,0.2,4.0,20.433,20.424,0.016,0.029,1.0,4.0,20.132,20.135,0.019,0.04,0.5,4.0,20.098,20.098,0.061,0.099,0.7
308.8462524,-1.180441,0.021,0.031,4.0,0.364,0.0,0.054,0.054,0.0,0.0,0.0,4.0,20.885,20.876,0.019,0.029,0.5,4.0,19.473,19.474,0.008,0.023,2.0,4.0,18.292,18.294,0.007,0.007,0.1,4.0,17.628,17.625,0.012,0.031,1.8
308.8487854,-1.1707842,0.031,0.022,4.0,0.363,0.0,0.064,0.064,0.0,0.0,0.0,4.0,20.72,20.731,0.017,0.053,1.9,4.0,19.282,19.285,0.008,0.016,1.1,4.0,17.939,17.936,0.006,0.013,1.4,4.0,17.17,17.173,0.01,0.012,0.3
308.8503418,-1.2422689,0.029,0.034,4.0,0.365,4.0,21.989,21.902,0.107,0.186,0.7,4.0,20.727,20.729,0.017,0.016,0.2,4.0,20.302,20.309,0.014,0.03,0.9,4.0,20.2,20.179,0.022,0.033,0.6,4.0,20.158,20.115,0.065,0.076,0.4
308.8509521,-1.103565,0.022,0.03,4.0,0.357,2.0,22.403,22.404,0.186,0.008,0.0,4.0,21.321,21.295,0.026,0.083,3.0,4.0,20.403,20.402,0.014,0.026,0.9,4.0,20.089,20.089,0.017,0.022,0.3,4.0,19.871,19.872,0.049,0.111,1.1
308.8544312,-1.0905689,0.009,0.03,4.0,0.357,4.0,21.972,21.969,0.099,0.257,0.9,4.0,20.806,20.811,0.018,0.049,1.6,4.0,20.187,20.197,0.013,0.037,2.1,4.0,19.953,19.947,0.015,0.024,0.5,4.0,19.76,19.743,0.043,0.048,0.3
308.8556824,-1.1221422,0.012,0.025,4.0,0.358,2.0,22.53,22.486,0.188,0.415,2.4,4.0,20.739,20.739,0.017,0.029,0.8,4.0,19.881,19.881,0.01,0.02,0.8,4.0,19.573,19.575,0.012,0.039,3.0,4.0,19.328,19.315,0.031,0.073,0.7
308.856842,-1.1544827,0.026,0.032,4.0,0.361,0.0,0.056,0.056,0.0,0.0,0.0,4.0,20.517,20.511,0.016,0.026,0.7,4.0,19.075,19.082,0.009,0.018,1.0,4.0,17.699,17.691,0.011,0.017,0.7,4.0,16.95,16.954,0.014,0.021,0.5
308.8628845,-1.1864382,0.013,0.016,4.0,0.364,0.0,0.062,0.062,0.0,0.0,0.0,4.0,21.366,21.368,0.028,0.09,2.6,4.0,20.315,20.313,0.014,0.013,0.2,4.0,19.954,19.955,0.016,0.057,2.2,4.0,19.644,19.642,0.041,0.072,0.9
308.865448,-1.056913,0.027,0.041,4.0,0.355,0.0,0.063,0.063,0.0,0.0,0.0,4.0,20.745,20.743,0.017,0.048,1.9,4.0,19.705,19.708,0.009,0.026,1.8,4.0,19.321,19.324,0.01,0.032,1.7,4.0,19.075,19.068,0.025,0.035,0.6
308.868042,-1.2018632,0.03,0.026,4.0,0.365,0.0,0.069,0.069,0.0,0.0,0.0,4.0,21.72,21.708,0.037,0.032,0.2,4.0,20.229,20.221,0.013,0.02,0.7,4.0,19.096,19.09,0.009,0.028,3.0,4.0,18.453,18.454,0.018,0.016,0.2
308.8716125,-1.0995729,0.039,0.04,4.0,0.358,2.0,22.399,22.399,0.186,0.039,0.0,4.0,21.433,21.466,0.03,0.07,1.3,4.0,20.767,20.737,0.019,0.058,2.4,4.0,20.428,20.427,0.023,0.038,0.5,4.0,20.424,20.429,0.078,0.08,0.2
308.8769836,-1.1730483,0.029,0.041,4.0,0.363,0.0,0.065,0.065,0.0,0.0,0.0,4.0,21.73,21.71,0.037,0.065,0.9,4.0,20.323,20.324,0.014,0.012,0.1,4.0,19.504,19.505,0.012,0.029,1.8,4.0,19.02,19.028,0.026,0.051,0.6
308.8782959,-1.172881,0.034,0.032,4.0,0.363,0.0,0.066,0.066,0.0,0.0,0.0,4.0,22.146,22.151,0.054,0.047,0.2,4.0,20.851,20.842,0.02,0.031,0.6,4.0,19.833,19.841,0.015,0.031,0.9,4.0,19.294,19.295,0.031,0.123,2.1
308.8771667,-1.1326189,0.033,0.037,4.0,0.361,3.0,22.381,22.361,0.157,0.152,0.3,4.0,20.863,20.862,0.019,0.004,0.0,4.0,20.217,20.216,0.013,0.007,0.1,4.0,19.937,19.943,0.015,0.029,0.7,4.0,19.738,19.73,0.044,0.098,1.1
308.8783875,-1.095588,0.033,0.03,4.0,0.359,2.0,22.434,22.434,0.201,0.049,0.0,4.0,20.903,20.9,0.019,0.044,1.3,4.0,20.171,20.175,0.012,0.008,0.1,4.0,19.92,19.926,0.015,0.017,0.3,4.0,19.765,19.757,0.044,0.085,1.0
308.8805542,-1.1793842,0.026,0.012,4.0,0.363,0.0,0.055,0.055,0.0,0.0,0.0,4.0,21.555,21.55,0.032,0.074,1.1,4.0,20.313,20.293,0.014,0.03,1.5,4.0,19.732,19.737,0.013,0.027,1.0,4.0,19.449,19.45,0.035,0.036,0.3
308.8869324,-1.1451499,0.027,0.037,4.0,0.362,0.0,0.057,0.057,0.0,0.0,0.0,4.0,20.756,20.751,0.017,0.025,0.5,4.0,19.256,19.254,0.007,0.015,1.0,4.0,18.395,18.396,0.007,0.01,0.4,4.0,17.927,17.924,0.013,0.009,0.1
308.8870239,-1.1805,0.008,0.033,4.0,0.364,0.0,0.054,0.054,0.0,0.0,0.0,4.0,21.135,21.122,0.023,0.026,0.4,4.0,19.634,19.636,0.009,0.025,1.6,4.0,18.673,18.676,0.008,0.02,1.2,4.0,18.158,18.154,0.015,0.01,0.1
308.8892822,-1.1562272,0.027,0.025,4.0,0.363,0.0,0.065,0.065,0.0,0.0,0.0,4.0,21.447,21.45,0.03,0.025,0.2,4.0,20.084,20.081,0.012,0.025,1.4,4.0,19.121,19.124,0.009,0.022,1.0,4.0,18.605,18.617,0.019,0.043,1.3
308.8893433,-1.1815872,0.024,0.043,4.0,0.364,0.0,0.055,0.055,0.0,0.0,0.0,4.0,21.617,21.622,0.034,0.069,1.1,4.0,20.238,20.24,0.013,0.016,0.4,4.0,19.31,19.316,0.01,0.014,0.4,4.0,18.817,18.803,0.022,0.053,1.3
308.8894348,-1.117965,0.026,0.032,4.0,0.361,0.0,0.055,0.055,0.0,0.0,0.0,4.0,20.597,20.595,0.015,0.026,0.6,4.0,19.217,19.217,0.007,0.026,2.9,4.0,18.496,18.496,0.007,0.015,0.5,4.0,18.089,18.1,0.014,0.04,2.1
308.8954468,-1.148138,0.018,0.039,4.0,0.363,0.0,0.057,0.057,0.0,0.0,0.0,4.0,20.583,20.568,0.015,0.048,2.5,4.0,19.377,19.378,0.008,0.021,1.8,4.0,18.893,18.895,0.009,0.016,0.5,4.0,18.639,18.641,0.019,0.026,0.4
308.8962097,-1.187369,0.025,0.023,4.0,0.364,0.0,0.061,0.061,0.0,0.0,0.0,4.0,20.587,20.593,0.015,0.019,0.4,4.0,19.147,19.147,0.007,0.012,0.7,4.0,18.093,18.1,0.007,0.021,1.8,4.0,17.491,17.499,0.011,0.025,1.0
308.8975525,-1.0585618,0.027,0.024,4.0,0.365,0.0,0.064,0.064,0.0,0.0,0.0,4.0,21.382,21.37,0.029,0.039,0.5,4.0,20.008,20.019,0.011,0.027,1.4,4.0,19.316,19.314,0.01,0.023,0.9,4.0,18.945,18.939,0.023,0.087,3.0
308.9024048,-1.2463012,0.041,0.036,4.0,0.361,0.0,0.041,0.041,0.0,0.0,0.0,4.0,21.402,21.396,0.028,0.093,1.8,4.0,20.321,20.32,0.014,0.042,1.8,4.0,19.883,19.893,0.015,0.042,2.0,4.0,19.601,19.6,0.04,0.041,0.3
308.7658997,-1.203603,0.009,0.04,4.0,0.386,0.0,0.07,0.07,0.0,0.0,0.0,4.0,22.296,22.259,0.06,0.138,1.1,4.0,20.755,20.762,0.021,0.032,0.6,4.0,19.985,20.007,0.026,0.043,0.7,4.0,19.614,19.63,0.055,0.128,0.7
308.795105,-1.1987972,0.032,0.013,4.0,0.374,0.0,0.07,0.07,0.0,0.0,0.0,4.0,22.055,22.02,0.048,0.122,1.5,4.0,20.571,20.58,0.016,0.023,0.5,4.0,19.635,19.637,0.013,0.038,2.5,4.0,19.113,19.108,0.027,0.029,0.4
308.835968,-1.0931412,0.02,0.031,4.0,0.357,0.0,0.047,0.047,0.0,0.0,0.0,4.0,21.825,21.781,0.04,0.071,1.0,4.0,20.439,20.454,0.015,0.035,1.5,4.0,19.144,19.136,0.009,0.029,2.0,4.0,18.406,18.404,0.017,0.012,0.1
308.8370361,-1.2356809,0.019,0.048,4.0,0.367,0.0,0.056,0.056,0.0,0.0,0.0,4.0,22.327,22.344,0.063,0.064,0.2,4.0,20.789,20.786,0.02,0.019,0.2,4.0,19.456,19.455,0.011,0.029,1.8,4.0,18.725,18.715,0.021,0.043,0.9
308.8442993,-1.1057122,0.036,0.053,4.0,0.357,0.0,0.05,0.05,0.0,0.0,0.0,4.0,22.166,22.105,0.052,0.167,2.2,4.0,20.574,20.572,0.016,0.036,1.3,4.0,19.53,19.521,0.012,0.043,2.4,4.0,18.907,18.916,0.023,0.063,2.0
308.8452148,-1.192592,0.033,0.027,4.0,0.365,0.0,0.064,0.064,0.0,0.0,0.0,4.0,22.174,22.187,0.056,0.068,0.4,4.0,20.591,20.581,0.017,0.03,1.0,4.0,19.626,19.629,0.013,0.036,1.3,4.0,19.011,19.032,0.026,0.053,1.1
308.8576355,-1.1297929,0.03,0.069,4.0,0.359,0.0,0.058,0.058,0.0,0.0,0.0,4.0,22.398,22.397,0.066,0.083,0.4,4.0,20.876,20.866,0.021,0.039,1.0,4.0,19.681,19.678,0.013,0.013,0.2,4.0,19.024,19.01,0.025,0.067,2.1
308.8666077,-1.1416372,0.028,0.028,4.0,0.36,0.0,0.057,0.057,0.0,0.0,0.0,4.0,21.507,21.505,0.031,0.038,0.4,4.0,20.41,20.414,0.015,0.02,0.5,4.0,19.948,19.932,0.015,0.04,1.6,4.0,19.767,19.753,0.044,0.058,0.5
308.8683472,-1.1733673,0.05,0.036,4.0,0.363,0.0,0.067,0.067,0.0,0.0,0.0,4.0,22.588,22.612,0.075,0.129,0.7,4.0,21.288,21.295,0.029,0.049,0.6,4.0,19.962,19.957,0.016,0.011,0.1,4.0,19.118,19.133,0.027,0.043,0.6
308.873291,-1.17465,0.036,0.035,4.0,0.363,0.0,0.066,0.066,0.0,0.0,0.0,4.0,22.081,22.078,0.05,0.108,1.1,4.0,20.616,20.612,0.017,0.025,0.5,4.0,19.378,19.38,0.011,0.014,0.3,4.0,18.72,18.712,0.021,0.082,3.4
